index	id	week	value
0	KPI01	1	1.0
1	KPI02	1	1.0
2	KPI03	1	
3	KPI47	1	
4	KPI48	1	0.0
5	KPI04	1	53254.0
6	KPI05	1	25429.0
7	KPI06	1	1.2344541910331384
8	KPI08	1	0.0
9	KPI09	1	1473.0
10	KPI10	1	1.2591489361702128
11	KPI11	1	
12	KPI12	1	0.9690480639468493
13	KPI13	1	1.0
14	KPI15	1	
15	KPI16	1	1.00375
16	KPI17	1	0.0
17	KPI18	1	16966.0
18	KPI19	1	0.7676518883415435
19	KPI20	1	
20	KPI21	1	1.0
21	KPI22	1	1.0
22	KPI25	1	1330.0
23	KPI26	1	24.0
24	KPI27	1	1.0
25	KPI28	1	
26	KPI29	1	
27	KPI30	1	399.0
28	KPI31	1	2867.0
29	KPI32	1	0.9735104557077305
30	KPI33	1	0.6928125
31	KPI34	1	1.0
32	KPI35	1	
33	KPI36	1	185.0
34	KPI37	1	1.0
35	KPI38	1	0.004535147
36	KPI39	1	1.0
37	KPI40	1	
38	KPI41	1	
39	KPI42	1	1.0
40	KPI43	1	1.0
41	KPI44	1	1.1590844384756886e-05
42	KPI45	1	0.39043023530657694
43	KPI46	1	
44	KPI49	1	168.0
45	KPI01	2	0.8857142857142857
46	KPI02	2	0.9565217391304348
47	KPI03	2	1.0
48	KPI47	2	
49	KPI48	2	26.0
50	KPI04	2	53365.0
51	KPI05	2	8583.0
52	KPI06	2	0.9834394904458599
53	KPI08	2	0.0
54	KPI09	2	1897.0
55	KPI10	2	0.8861224489795918
56	KPI11	2	10.0
57	KPI12	2	0.9852500527288655
58	KPI13	2	0.9904477129465008
59	KPI15	2	1.0
60	KPI16	2	0.7605128205128205
61	KPI17	2	3327.0
62	KPI18	2	18287.0
63	KPI19	2	1.5225225225225225
64	KPI20	2	
65	KPI21	2	0.991578426221254
66	KPI22	2	1.0
67	KPI25	2	1813.0
68	KPI26	2	301.0
69	KPI27	2	1.0
70	KPI28	2	
71	KPI29	2	102.0
72	KPI30	2	399.0
73	KPI31	2	2673.0
74	KPI32	2	0.9807339003922936
75	KPI33	2	0.7046875
76	KPI34	2	0.666666666666667
77	KPI35	2	926.0
78	KPI36	2	184.0
79	KPI37	2	0.9814814814814815
80	KPI38	2	0.279926335
81	KPI39	2	0.9961693829131701
82	KPI40	2	0.9833333333333334
83	KPI41	2	1.0
84	KPI42	2	1.0
85	KPI43	2	1.0
86	KPI44	2	1.23752305424721e-05
87	KPI45	2	0.3834863064439271
88	KPI46	2	116.0
89	KPI49	2	1347.0
90	KPI01	3	0.8703703703703703
91	KPI02	3	0.90625
92	KPI03	3	0.8333333333333334
93	KPI47	3	1.0
94	KPI48	3	323.0
95	KPI04	3	11596.0
96	KPI05	3	47.0
97	KPI06	3	0.605
98	KPI08	3	0.0
99	KPI09	3	7294.0
100	KPI10	3	0.8495061728395061
101	KPI11	3	10.0
102	KPI12	3	0.9985381821659157
103	KPI13	3	0.9227976232694253
104	KPI15	3	0.3333333333333333
105	KPI16	3	0.6107317073170732
106	KPI17	3	10756.0
107	KPI18	3	17677.0
108	KPI19	3	1.6524752475247524
109	KPI20	3	0.8072672672672673
110	KPI21	3	0.9333333333333332
111	KPI22	3	0.3115942028985507
112	KPI25	3	7743.0
113	KPI26	3	123.0
114	KPI27	3	1.0
115	KPI28	3	0.9864792660949259
116	KPI29	3	251.0
117	KPI30	3	403.0
118	KPI31	3	2864.0
119	KPI32	3	0.9583641638185171
120	KPI33	3	1.1196875
121	KPI34	3	0.25
122	KPI35	3	926.0
123	KPI36	3	180.0
124	KPI37	3	1.0
125	KPI38	3	0.131559497
126	KPI39	3	0.9888026932084308
127	KPI40	3	0.9444444444444445
128	KPI41	3	1.0
129	KPI42	3	1.0
130	KPI43	3	0.9995429616087751
131	KPI44	3	1.5154397438383747e-05
132	KPI45	3	0.42819895660193064
133	KPI46	3	116.0
134	KPI49	3	2180.0
135	KPI01	4	0.9743589743589743
136	KPI02	4	0.9459459459459459
137	KPI03	4	0.96875
138	KPI47	4	1.0
139	KPI48	4	31.0
140	KPI04	4	4497.0
141	KPI05	4	50.0
142	KPI06	4	1.2028846153846153
143	KPI08	4	0.0
144	KPI09	4	7310.0
145	KPI10	4	0.8
146	KPI11	4	10.0
147	KPI12	4	0.9930498213070473
148	KPI13	4	0.9949758454106281
149	KPI15	4	0.4375
150	KPI16	4	0.6512280701754386
151	KPI17	4	1867.0
152	KPI18	4	17390.0
153	KPI19	4	0.8652298850574712
154	KPI20	4	1.2475318066157761
155	KPI21	4	0.9102291519017246
156	KPI22	4	0.625
157	KPI25	4	7746.0
158	KPI26	4	39.0
159	KPI27	4	1.0
160	KPI28	4	0.9820175022904623
161	KPI29	4	218.0
162	KPI30	4	403.0
163	KPI31	4	2960.0
164	KPI32	4	0.9764249423747632
165	KPI33	4	1.5853125
166	KPI34	4	1.0
167	KPI35	4	946.0
168	KPI36	4	178.0
169	KPI37	4	0.971830985915493
170	KPI38	4	0.12125163
171	KPI39	4	0.9808221360169412
172	KPI40	4	0.9444444444444445
173	KPI41	4	1.0
174	KPI42	4	1.0
175	KPI43	4	0.9532538955087076
176	KPI44	4	1.829156885489126e-05
177	KPI45	4	0.35135602306266545
178	KPI46	4	105.0
179	KPI49	4	1132.0
180	KPI01	5	0.9811320754716981
181	KPI02	5	0.9512195121951219
182	KPI03	5	0.9493670886075949
183	KPI47	5	1.0
184	KPI48	5	237.0
185	KPI04	5	4979.0
186	KPI05	5	9678.0
187	KPI06	5	0.4930880713489409
188	KPI08	5	0.0
189	KPI09	5	8276.0
190	KPI10	5	0.7869268292682927
191	KPI11	5	12.0
192	KPI12	5	0.997110718471858
193	KPI13	5	0.9757292781440949
194	KPI15	5	0.047619047619047616
195	KPI16	5	0.6175384615384616
196	KPI17	5	18084.0
197	KPI18	5	19153.0
198	KPI19	5	0.6515679442508711
199	KPI20	5	1.2115447154471544
200	KPI21	5	0.9007834947675746
201	KPI22	5	1.0
202	KPI25	5	7802.0
203	KPI26	5	375.0
204	KPI27	5	1.0
205	KPI28	5	0.9818699687260133
206	KPI29	5	89.0
207	KPI30	5	317.0
208	KPI31	5	3066.0
209	KPI32	5	0.97236678911169
210	KPI33	5	1.0290625
211	KPI34	5	1.0
212	KPI35	5	497.0
213	KPI36	5	163.0
214	KPI37	5	0.8857142857142857
215	KPI38	5	0.264285714
216	KPI39	5	0.9929761862375086
217	KPI40	5	1.0
218	KPI41	5	1.0
219	KPI42	5	1.0
220	KPI43	5	1.0
221	KPI44	5	1.81148018478409e-05
222	KPI45	5	0.3513766314877216
223	KPI46	5	121.0
224	KPI49	5	921.0
225	KPI01	6	1.0
226	KPI02	6	0.967741935483871
227	KPI03	6	0.9607843137254902
228	KPI47	6	1.0
229	KPI48	6	896.0
230	KPI04	6	5376.0
231	KPI05	6	355.0
232	KPI06	6	0.7926356589147286
233	KPI08	6	0.0
234	KPI09	6	5990.0
235	KPI10	6	0.8120279720279721
236	KPI11	6	16.0
237	KPI12	6	0.9886946386946387
238	KPI13	6	1.0
239	KPI15	6	0.0
240	KPI16	6	0.5355844155844156
241	KPI17	6	3645.0
242	KPI18	6	18962.0
243	KPI19	6	0.8811653116531165
244	KPI20	6	1.3501157024793389
245	KPI21	6	0.7078326424661459
246	KPI22	6	0.8333333333333334
247	KPI25	6	5220.0
248	KPI26	6	3276.0
249	KPI27	6	1.0
250	KPI28	6	0.9779510306537046
251	KPI29	6	2.0
252	KPI30	6	317.0
253	KPI31	6	3677.0
254	KPI32	6	0.9677309223859937
255	KPI33	6	0.6465625
256	KPI34	6	0.5
257	KPI35	6	432.0
258	KPI36	6	160.0
259	KPI37	6	0.8805970149253731
260	KPI38	6	0.232980333
261	KPI39	6	0.9959613259371692
262	KPI40	6	1.0
263	KPI41	6	1.0
264	KPI42	6	1.0
265	KPI43	6	1.0
266	KPI44	6	30.0
267	KPI45	6	0.7146057867764279
268	KPI46	6	145.0
269	KPI49	6	1670.0
270	KPI01	7	0.9259259259259259
271	KPI02	7	0.96875
272	KPI03	7	0.9482758620689655
273	KPI47	7	0.7272727272727273
274	KPI48	7	2927.0
275	KPI04	7	7319.0
276	KPI05	7	8661.0
277	KPI06	7	0.72
278	KPI08	7	0.0
279	KPI09	7	5676.0
280	KPI10	7	0.8921167883211679
281	KPI11	7	31.0
282	KPI12	7	0.9951389781263043
283	KPI13	7	1.0
284	KPI15	7	0.2857142857142857
285	KPI16	7	0.58
286	KPI17	7	4108.0
287	KPI18	7	17497.0
288	KPI19	7	0.87
289	KPI20	7	1.04
290	KPI21	7	0.8534865400904545
291	KPI22	7	0.7984251968503937
292	KPI25	7	6529.0
293	KPI26	7	1640.0
294	KPI27	7	1.0
295	KPI28	7	0.9572676767204135
296	KPI29	7	28.0
297	KPI30	7	
298	KPI31	7	3677.0
299	KPI32	7	0.9677309223859937
300	KPI33	7	0.2521875
301	KPI34	7	0.0
302	KPI35	7	307.0
303	KPI36	7	184.0
304	KPI37	7	0.9866666666666667
305	KPI38	7	0.099737533
306	KPI39	7	0.9955555555555556
307	KPI40	7	1.0
308	KPI41	7	1.0
309	KPI42	7	1.0
310	KPI43	7	1.0
311	KPI44	7	32.0
312	KPI45	7	0.9158057146318125
313	KPI46	7	162.0
314	KPI49	7	2719.0
315	KPI01	8	0.8787878787878788
316	KPI02	8	0.9333333333333333
317	KPI03	8	0.9649122807017544
318	KPI47	8	0.8571428571428571
319	KPI48	8	3976.0
320	KPI04	8	8162.0
321	KPI05	8	11638.0
322	KPI06	8	0.46
323	KPI08	8	0.0
324	KPI09	8	5214.0
325	KPI10	8	0.7758666666666667
326	KPI11	8	11.0
327	KPI12	8	0.9959879122985192
328	KPI13	8	0.9697254170868946
329	KPI15	8	0.2
330	KPI16	8	0.65
331	KPI17	8	3692.0
332	KPI18	8	17771.0
333	KPI19	8	0.5
334	KPI20	8	0.92
335	KPI21	8	0.883343913184762
336	KPI22	8	0.8333333333333334
337	KPI25	8	4628.0
338	KPI26	8	186.0
339	KPI27	8	1.0
340	KPI28	8	0.9768179429303991
341	KPI29	8	96.0
342	KPI30	8	289.0
343	KPI31	8	6034.0
344	KPI32	8	0.9323238566131026
345	KPI33	8	0.7265625
346	KPI34	8	0.0
347	KPI35	8	334.0
348	KPI36	8	207.0
349	KPI37	8	0.9655172413793104
350	KPI38	8	0.099502488
351	KPI39	8	0.9788961038961039
352	KPI40	8	1.0
353	KPI41	8	1.0
354	KPI42	8	1.0
355	KPI43	8	0.18867138692211582
356	KPI44	8	41.0
357	KPI45	8	0.9699514880357081
358	KPI46	8	294.0
359	KPI49	8	1167.0
360	KPI01	9	0.9574468085106383
361	KPI02	9	0.8787878787878788
362	KPI03	9	0.9649122807017544
363	KPI47	9	0.7647058823529411
364	KPI48	9	11610.0
365	KPI04	9	12841.0
366	KPI05	9	6140.0
367	KPI06	9	0.47
368	KPI08	9	0.0
369	KPI09	9	8191.0
370	KPI10	9	0.82
371	KPI11	9	8.0
372	KPI12	9	0.9968058828172068
373	KPI13	9	0.5462281727827663
374	KPI15	9	0.34210526315789475
375	KPI16	9	0.47
376	KPI17	9	3701.0
377	KPI18	9	22638.0
378	KPI19	9	0.67
379	KPI20	9	0.86
380	KPI21	9	0.7693478517469311
381	KPI22	9	0.20454545454545456
382	KPI25	9	6993.569971999999
383	KPI26	9	407.0
384	KPI27	9	
386	KPI29	9	110.0
387	KPI30	9	792.0
388	KPI31	9	6034.0
389	KPI32	9	0.954412811927092
390	KPI33	9	0.9009375
391	KPI34	9	1.0
392	KPI35	9	285.0
393	KPI36	9	169.0
394	KPI37	9	1.0
395	KPI38	9	0.176975945
396	KPI39	9	0.9910863057414782
397	KPI40	9	1.0
398	KPI41	9	1.0
399	KPI42	9	1.0
400	KPI43	9	1.0
401	KPI44	9	52.0
402	KPI45	9	0.9557595400374864
403	KPI46	9	193.0
404	KPI49	9	1849.0
405	KPI01	10	0.9848484848484849
406	KPI02	10	1.0
407	KPI03	10	0.9333333333333333
408	KPI47	10	0.875
409	KPI48	10	15767.0
410	KPI04	10	25238.0
411	KPI05	10	11446.0
412	KPI06	10	0.71
413	KPI08	10	0.0
414	KPI09	10	9787.0
415	KPI10	10	0.93
416	KPI11	10	17.0
417	KPI12	10	0.9982704183968861
418	KPI13	10	0.3579364549394395
419	KPI15	10	0.0
420	KPI16	10	0.61
421	KPI17	10	3231.0
422	KPI18	10	22054.0
423	KPI19	10	0.82
424	KPI20	10	0.63
425	KPI21	10	0.9298762035376859
426	KPI22	10	0.5104166666666666
427	KPI25	10	7498.0
428	KPI26	10	1625.0
429	KPI27	10	
430	KPI28	10	0.9752269220020171
431	KPI29	10	376.0
432	KPI30	10	214.0
433	KPI31	10	6034.0
434	KPI32	10	0.9624711180270665
435	KPI33	10	0.71625
436	KPI34	10	1.0
437	KPI35	10	182.0
438	KPI36	10	167.0
439	KPI37	10	0.975609756097561
440	KPI38	10	0.081081081
441	KPI39	10	0.9925911355887752
442	KPI40	10	0.9523809523809524
443	KPI41	10	1.0
444	KPI42	10	0.7541205188726825
445	KPI43	10	1.0
446	KPI44	10	53.0
447	KPI45	10	0.9605617269216296
448	KPI46	10	104.0
449	KPI49	10	1887.0
450	KPI01	11	0.9666666666666667
451	KPI02	11	0.9142857142857143
452	KPI03	11	0.9523809523809523
453	KPI47	11	0.875
454	KPI48	11	20620.0
455	KPI04	11	41771.0
456	KPI05	11	5904.0
457	KPI06	11	0.94
458	KPI08	11	0.029411764705882353
459	KPI09	11	10077.0
460	KPI10	11	0.85
461	KPI11	11	15.0
462	KPI12	11	0.9965934742643917
463	KPI13	11	0.10766178310334044
464	KPI15	11	0.43243243243243246
465	KPI16	11	0.85
466	KPI17	11	3108.0
467	KPI18	11	23593.0
468	KPI19	11	0.65
469	KPI20	11	0.86
470	KPI21	11	0.9372417783207208
471	KPI22	11	0.8333333333333334
472	KPI25	11	6553.0
473	KPI26	11	724.0
474	KPI27	11	1.0
475	KPI28	11	0.9903272904246259
476	KPI29	11	350.0
477	KPI30	11	178.0
478	KPI31	11	8249.0
479	KPI32	11	0.954412811927092
480	KPI33	11	1.095625
481	KPI34	11	0.0
482	KPI35	11	200.0
483	KPI36	11	170.0
484	KPI37	11	0.9841269841269841
485	KPI38	11	0.122197309
486	KPI39	11	0.9444444444444445
487	KPI40	11	1.0
488	KPI41	11	0.9375929203539822
489	KPI42	11	
490	KPI43	11	0.9479383590170762
491	KPI44	11	59.0
492	KPI45	11	0.9612040191753144
493	KPI46	11	283.0
494	KPI49	11	1842.0
495	KPI01	12	0.9574468085106383
496	KPI02	12	0.9705882352941176
497	KPI03	12	0.9508196721311475
498	KPI47	12	0.9375
499	KPI48	12	15001.0
500	KPI04	12	31597.0
501	KPI05	12	19882.0
502	KPI06	12	0.87
503	KPI08	12	0.0
504	KPI09	12	7734.0
505	KPI10	12	0.91
506	KPI11	12	8.0
507	KPI12	12	0.9589770265780985
508	KPI13	12	0.1796644881104184
509	KPI15	12	0.3103448275862069
510	KPI16	12	0.67
511	KPI17	12	3085.0
512	KPI18	12	23349.0
513	KPI19	12	0.73
514	KPI20	12	0.67
515	KPI21	12	0.9863614223088164
516	KPI22	12	1.0
517	KPI25	12	7354.0
518	KPI26	12	32.0
519	KPI27	12	0.9973376548211599
520	KPI28	12	0.985058246544648
521	KPI29	12	99.0
522	KPI30	12	294.0
523	KPI31	12	6264.0
524	KPI32	12	0.9624711180270665
525	KPI33	12	1.2125
526	KPI34	12	0.0
527	KPI35	12	215.0
528	KPI36	12	166.0
529	KPI37	12	1.0
530	KPI38	12	0.186403509
531	KPI39	12	0.99
532	KPI40	12	0.86
533	KPI41	12	1.0
534	KPI42	12	1.0
535	KPI43	12	1.0
536	KPI44	12	62.0
537	KPI45	12	0.9094845131206407
538	KPI46	12	236.0
539	KPI49	12	1190.0
540	KPI01	13	1.0
541	KPI02	13	1.0
542	KPI03	13	0.9861111111111112
543	KPI47	13	1.0
544	KPI48	13	17469.0
545	KPI04	13	44080.0
546	KPI05	13	10452.0
547	KPI06	13	1.44
548	KPI08	13	0.0
549	KPI09	13	9095.0
550	KPI10	13	0.79
551	KPI11	13	9.0
552	KPI12	13	0.995101716237604
553	KPI13	13	0.7919881108766467
554	KPI15	13	0.8571428571428571
555	KPI16	13	0.75
556	KPI17	13	2159.0
557	KPI18	13	23470.0
558	KPI19	13	0.95
559	KPI20	13	0.89
560	KPI21	13	0.972156862745098
561	KPI22	13	0.75
562	KPI25	13	7867.0
563	KPI26	13	3021.0
564	KPI27	13	1.0
565	KPI28	13	0.9858301523876446
566	KPI29	13	132.0
567	KPI30	13	305.0
568	KPI31	13	5500.0
569	KPI32	13	0.9624711180270665
570	KPI33	13	0.4115625
571	KPI34	13	0.0
572	KPI35	13	160.0
573	KPI36	13	124.0
574	KPI37	13	0.9864864864864865
575	KPI38	13	0.251928021
576	KPI39	13	0.9944444444444445
577	KPI40	13	1.0
578	KPI41	13	1.0
579	KPI42	13	0.9274887940270272
580	KPI43	13	1.0
581	KPI44	13	69.0
582	KPI45	13	0.9755868321569358
583	KPI46	13	191.0
584	KPI49	13	1142.0
585	KPI01	14	0.9818181818181818
586	KPI02	14	0.9761904761904762
587	KPI03	14	0.9836065573770492
588	KPI47	14	0.9
589	KPI48	14	39846.0
590	KPI04	14	71285.0
591	KPI05	14	12609.0
592	KPI06	14	0.93
593	KPI08	14	0.0
594	KPI09	14	7992.0
595	KPI10	14	0.57
596	KPI11	14	12.0
597	KPI12	14	0.9918349908162281
598	KPI13	14	0.6953677131979674
599	KPI15	14	0.0
600	KPI16	14	1.27
601	KPI17	14	1024.0
602	KPI18	14	23233.0
603	KPI19	14	0.8
604	KPI20	14	0.93
605	KPI21	14	0.9630620245345587
606	KPI22	14	0.5875
607	KPI25	14	6573.0
608	KPI26	14	915.0
609	KPI27	14	1.0
610	KPI28	14	0.9886696871568941
611	KPI29	14	232.0
612	KPI30	14	305.0
613	KPI31	14	5636.0
614	KPI32	14	0.97
615	KPI33	14	0.655
616	KPI34	14	0.0
617	KPI35	14	125.0
618	KPI36	14	128.0
619	KPI37	14	1.0
620	KPI38	14	0.146567718
621	KPI39	14	0.9935064935064934
622	KPI40	14	0.8333333333333333
623	KPI41	14	1.0
624	KPI42	14	0.9417867687361531
625	KPI43	14	1.0
626	KPI44	14	71.0
627	KPI45	14	0.950179153779742
628	KPI46	14	439.0
629	KPI49	14	2259.0
630	KPI01	15	0.9591836734693877
631	KPI02	15	0.9767441860465116
632	KPI03	15	0.9811320754716981
633	KPI47	15	0.5882352941176471
634	KPI48	15	17792.0
635	KPI04	15	99706.0
636	KPI05	15	27647.0
637	KPI06	15	1.13
638	KPI08	15	0.0
639	KPI09	15	6930.0
640	KPI10	15	0.92
641	KPI11	15	5.0
642	KPI12	15	0.9861448711716091
643	KPI13	15	0.7612162162162163
644	KPI15	15	0.0
645	KPI16	15	0.73
646	KPI17	15	2053.0
647	KPI18	15	18772.0
648	KPI19	15	0.91
649	KPI20	15	1.08
650	KPI21	15	0.9728537449114778
651	KPI22	15	0.95
652	KPI25	15	1846.0
653	KPI26	15	1.0
654	KPI27	15	1.0
655	KPI28	15	0.9873312760747767
656	KPI29	15	171.0
657	KPI30	15	409.0
658	KPI31	15	5636.0
659	KPI32	15	0.9624711180270665
660	KPI33	15	0.5475
661	KPI34	15	1.0
662	KPI35	15	193.0
663	KPI36	15	143.0
664	KPI37	15	0.9863013698630136
665	KPI38	15	0.063209076
666	KPI39	15	0.9833333333333334
667	KPI40	15	0.876360544217687
668	KPI41	15	1.0
669	KPI42	15	0.6084529366798627
670	KPI43	15	1.0
671	KPI44	15	77.0
672	KPI45	15	0.9185328140179408
673	KPI46	15	254.0
674	KPI49	15	3926.0
675	KPI01	16	0.9736842105263158
676	KPI02	16	1.0
677	KPI03	16	1.0
678	KPI47	16	0.9444444444444444
679	KPI48	16	13471.0
680	KPI04	16	109101.0
681	KPI05	16	23156.0
682	KPI06	16	1.07
683	KPI08	16	0.0
684	KPI09	16	6155.0
685	KPI10	16	0.66
686	KPI11	16	6.0
687	KPI12	16	0.9998375304630381
688	KPI13	16	0.9462138446538837
689	KPI15	16	0.8076923076923077
690	KPI16	16	1.34
691	KPI17	16	4644.0
692	KPI18	16	17890.0
693	KPI19	16	0.9
694	KPI20	16	0.99
695	KPI21	16	0.7758341267149844
696	KPI22	16	0.1875
697	KPI25	16	5548.0
698	KPI26	16	283.0
699	KPI27	16	1.0
700	KPI28	16	0.9918731604434348
701	KPI29	16	573.0
702	KPI30	16	505.0
704	KPI32	16	0.95
705	KPI33	16	0.7715625
706	KPI34	16	0.0
707	KPI35	16	238.0
708	KPI36	16	95.0
709	KPI37	16	0.9824561403508771
710	KPI38	16	0.037623762
711	KPI39	16	0.9973333333333333
712	KPI40	16	0.85
713	KPI41	16	1.0
714	KPI42	16	0.7483787049484668
715	KPI43	16	1.0
716	KPI44	16	82.0
717	KPI45	16	0.9596576678488453
718	KPI46	16	203.0
719	KPI49	16	2457.0
720	KPI01	17	0.9787234042553191
721	KPI02	17	1.0
722	KPI03	17	0.9622641509433962
723	KPI47	17	0.9
724	KPI48	17	34853.0
725	KPI04	17	135443.0
726	KPI05	17	24509.0
727	KPI06	17	1.1
728	KPI08	17	0.038280725319006045
729	KPI09	17	8742.0
730	KPI10	17	1.24
731	KPI11	17	5.0
732	KPI12	17	0.9964964964964965
733	KPI13	17	0.8009794073329984
734	KPI15	17	0.8285714285714286
735	KPI16	17	1.13
736	KPI17	17	4117.0
737	KPI18	17	17760.0
738	KPI19	17	1.2
739	KPI20	17	0.9
740	KPI21	17	0.9429562294820016
741	KPI22	17	1.0
742	KPI25	17	7727.0
743	KPI26	17	1389.0
744	KPI27	17	1.0
745	KPI28	17	0.9933251114002404
746	KPI29	17	231.0
747	KPI30	17	505.0
749	KPI32	17	0.9807339003922936
750	KPI33	17	1.6503125
751	KPI34	17	0.0
752	KPI35	17	182.0
753	KPI36	17	134.0
754	KPI37	17	0.9629629629629629
755	KPI38	17	0.077030812
756	KPI39	17	0.990751879699248
757	KPI40	17	1.0
758	KPI41	17	1.0
759	KPI42	17	0.719272528594143
760	KPI43	17	1.0
761	KPI44	17	80.0
762	KPI45	17	0.9504814597787723
763	KPI46	17	160.0
764	KPI49	17	2123.0
765	KPI01	18	0.9714285714285714
766	KPI02	18	0.9
767	KPI03	18	0.9318181818181818
768	KPI47	18	1.0
769	KPI48	18	13191.0
770	KPI04	18	75866.0
771	KPI05	18	24729.0
772	KPI06	18	1.08
773	KPI08	18	0.0
774	KPI09	18	5293.0
775	KPI10	18	1.0
776	KPI11	18	4.0
777	KPI12	18	0.9981575310916628
778	KPI13	18	0.9838486386709737
779	KPI15	18	0.0
780	KPI16	18	1.0
781	KPI17	18	0.0
782	KPI18	18	16929.0
783	KPI19	18	1.47
784	KPI20	18	0.82
785	KPI21	18	0.9852051109616677
786	KPI22	18	1.0
787	KPI25	18	4920.0
788	KPI26	18	1745.0
789	KPI27	18	1.0
790	KPI28	18	0.9985274477754744
791	KPI29	18	295.0
792	KPI30	18	591.0
794	KPI32	18	0.9583641638185171
795	KPI33	18	1.9025
796	KPI34	18	0.0
797	KPI35	18	111.0
798	KPI36	18	136.0
799	KPI37	18	0.846153846
800	KPI38	18	0.0
801	KPI39	18	0.9912280701754387
802	KPI40	18	0.9333333333333332
803	KPI41	18	1.0
804	KPI42	18	0.43258080104014934
805	KPI43	18	1.0
806	KPI44	18	81.0
807	KPI45	18	0.9917294115701643
808	KPI46	18	145.0
809	KPI49	18	1846.0
810	KPI01	19	0.9302325581395349
811	KPI02	19	0.9565217391304348
812	KPI03	19	0.9642857142857143
813	KPI47	19	0.9090909090909091
814	KPI48	19	9032.0
815	KPI04	19	84876.0
816	KPI05	19	25414.0
817	KPI06	19	0.8
818	KPI08	19	0.0
819	KPI09	19	6431.0
820	KPI10	19	1.55
821	KPI11	19	4.0
822	KPI12	19	0.9955822583495317
823	KPI13	19	0.7374866879659212
824	KPI15	19	0.0
825	KPI16	19	0.0
826	KPI17	19	0.0
827	KPI18	19	16354.0
828	KPI19	19	0.89
829	KPI20	19	1.05
830	KPI21	19	0.9891145483911065
831	KPI22	19	1.0
832	KPI25	19	5636.0
833	KPI26	19	4189.0
834	KPI27	19	1.0
835	KPI28	19	0.9769668183917145
836	KPI29	19	319.0
837	KPI30	19	619.0
839	KPI32	19	0.9764249423747632
840	KPI33	19	1.425625
841	KPI34	19	0.0
842	KPI35	19	55.0
843	KPI36	19	131.0
844	KPI37	19	0.941176471
845	KPI38	19	0.132149901
846	KPI39	19	0.9832287933094385
847	KPI40	19	1.0
848	KPI41	19	1.0
849	KPI42	19	0.5793268822680588
850	KPI43	19	1.0
851	KPI44	19	86.0
852	KPI45	19	0.9346396082305325
853	KPI46	19	
854	KPI49	19	1385.0
855	KPI01	20	1.0
856	KPI02	20	0.972972972972973
857	KPI03	20	0.9722222222222222
858	KPI47	20	0.9
859	KPI48	20	4042.0
860	KPI04	20	84631.0
861	KPI05	20	17970.0
862	KPI06	20	0.89
863	KPI08	20	0.0
864	KPI09	20	4987.0
865	KPI10	20	1.19
866	KPI11	20	13.0
867	KPI12	20	0.9964379452568429
868	KPI13	20	0.8551269990592663
869	KPI15	20	0.0
870	KPI16	20	0.97
871	KPI17	20	2134.0
872	KPI18	20	18151.0
873	KPI19	20	0.96
874	KPI20	20	0.77
875	KPI21	20	0.7993856578453019
876	KPI22	20	1.0
877	KPI25	20	4642.0
878	KPI26	20	2385.0
879	KPI27	20	1.0
880	KPI28	20	0.9879624393620879
881	KPI29	20	23.0
882	KPI30	20	634.0
883	KPI31	20	4113.0
884	KPI32	20	0.957209633746615
885	KPI33	20	1.595
886	KPI34	20	0.0
887	KPI35	20	31.0
888	KPI36	20	124.0
889	KPI37	20	0.984848485
890	KPI38	20	0.245925926
891	KPI39	20	0.9988425925925926
892	KPI40	20	0.9629629629629629
893	KPI41	20	1.0
894	KPI42	20	1.0
895	KPI43	20	1.0
896	KPI44	20	89.0
897	KPI45	20	0.9464622385603672
898	KPI46	20	159.0
899	KPI49	20	2217.0
900	KPI01	21	0.9473684210526315
901	KPI02	21	0.9354838709677419
902	KPI03	21	0.944444444
903	KPI47	21	0.9285714285714286
904	KPI48	21	8315.0
905	KPI04	21	90605.0
906	KPI05	21	23.0
907	KPI06	21	0.49
908	KPI08	21	0.0
909	KPI09	21	5885.0
910	KPI10	21	1.41
911	KPI11	21	5.0
912	KPI12	21	0.9969507030323564
913	KPI13	21	0.9114698385726423
914	KPI15	21	0.0
915	KPI16	21	1.2
916	KPI17	21	0.0
917	KPI18	21	16732.0
918	KPI19	21	1.14
919	KPI20	21	1.05
920	KPI21	21	0.8466579733261285
921	KPI22	21	1.0
922	KPI25	21	5854.0
923	KPI26	21	226.0
924	KPI27	21	1.0
925	KPI28	21	0.9880128962594735
926	KPI29	21	161.0
927	KPI30	21	651.0
928	KPI31	21	4837.0
929	KPI32	21	0.937154737154737
930	KPI33	21	2.5553125
931	KPI34	21	0.0
932	KPI35	21	25.0
933	KPI36	21	115.0
934	KPI37	21	0.903225806
935	KPI38	21	0.216346154
936	KPI39	21	1.0
937	KPI40	21	1.0
938	KPI41	21	1.0
939	KPI42	21	1.0
940	KPI43	21	1.0
941	KPI44	21	96.0
942	KPI45	21	0.9752021432394397
943	KPI46	21	151.0
944	KPI49	21	2641.0
945	KPI01	22	1.0
946	KPI02	22	0.9354838709677419
947	KPI03	22	0.877192982
948	KPI47	22	0.8
949	KPI48	22	257.0
950	KPI04	22	86900.0
951	KPI05	22	82.0
952	KPI06	22	0.56
953	KPI08	22	0.0
954	KPI09	22	4402.0
955	KPI10	22	1.21
956	KPI11	22	19.0
957	KPI12	22	0.9946642952423299
958	KPI13	22	0.6327670987930264
959	KPI15	22	0.6666666666666666
960	KPI16	22	1.18
961	KPI17	22	2686.0
962	KPI18	22	16977.0
963	KPI19	22	0.76
964	KPI20	22	1.15
965	KPI21	22	0.8812924726111657
966	KPI22	22	0.6918067226890756
967	KPI25	22	5199.0
968	KPI26	22	6667.0
969	KPI27	22	1.0
970	KPI28	22	0.9862897499252957
971	KPI29	22	0.0
972	KPI30	22	766.0
973	KPI31	22	4.0
974	KPI32	22	0.975574027079186
975	KPI33	22	0.0215625
976	KPI34	22	0.0
977	KPI35	22	21.0
978	KPI36	22	86.0
979	KPI37	22	1.0
980	KPI38	22	0.356589147
981	KPI39	22	0.9735863095238094
982	KPI40	22	1.0
983	KPI41	22	1.0
984	KPI42	22	1.0
985	KPI43	22	1.0
986	KPI44	22	100.0
987	KPI45	22	0.8299267573411511
988	KPI46	22	10.0
989	KPI49	22	1223.0
990	KPI01	23	1.0
991	KPI02	23	1.0
992	KPI03	23	0.913043478
993	KPI47	23	0.8888888888888888
994	KPI48	23	0.0
996	KPI05	23	0.0
997	KPI06	23	0.0
998	KPI08	23	0.0
999	KPI09	23	4809.0
1000	KPI10	23	1.1
1001	KPI11	23	1.0
1002	KPI12	23	0.9941908713692946
1003	KPI13	23	0.9284223706176962
1004	KPI15	23	0.0
1005	KPI16	23	1.2
1006	KPI17	23	0.0
1007	KPI18	23	17112.0
1008	KPI19	23	0.0
1009	KPI20	23	0.0
1010	KPI21	23	0.0
1011	KPI22	23	0.0
1012	KPI25	23	4804.0
1013	KPI26	23	0.0
1014	KPI27	23	1.0
1015	KPI28	23	0.9862897499252957
1016	KPI29	23	11.0
1017	KPI30	23	586.0
1018	KPI31	23	4.0
1019	KPI32	23	0.983771379463883
1020	KPI33	23	0.0378125
1021	KPI34	23	0.0
1022	KPI35	23	68.0
1023	KPI36	23	54.0
1024	KPI37	23	1.0
1025	KPI38	23	0.092307692
1026	KPI39	23	0.9707347283672644
1027	KPI40	23	1.0
1028	KPI41	23	1.0
1029	KPI42	23	1.0
1030	KPI43	23	1.0
1031	KPI44	23	100.0
1032	KPI45	23	0.9805809592568164
1033	KPI46	23	8.0
1034	KPI49	23	1709.0
1035	KPI01	24	0.976190476
1036	KPI02	24	1.0
1037	KPI03	24	0.946428571
1038	KPI47	24	1.0
1039	KPI48	24	428.0
1040	KPI04	24	17926.0
1041	KPI05	24	0.0
1042	KPI06	24	0.0
1043	KPI08	24	0.0
1044	KPI09	24	6628.0
1045	KPI10	24	1.18
1046	KPI11	24	1.0
1047	KPI12	24	0.980908687
1048	KPI13	24	0.693874472
1049	KPI15	24	0.0
1050	KPI16	24	1.52
1051	KPI17	24	0.0
1052	KPI18	24	16501.0
1053	KPI19	24	0.0
1054	KPI20	24	0.0
1055	KPI21	24	0.0
1056	KPI22	24	0.0
1057	KPI25	24	5684.0
1058	KPI26	24	0.0
1059	KPI27	24	1.0
1060	KPI28	24	0.9862897499252957
1061	KPI29	24	1.0
1062	KPI30	24	0.0
1063	KPI31	24	4.0
1064	KPI32	24	0.983150808177954
1065	KPI33	24	0.290625
1066	KPI34	24	1.0
1067	KPI35	24	48.0
1068	KPI36	24	46.0
1069	KPI37	24	0.947368421
1070	KPI38	24	0.265232975
1071	KPI39	24	0.9631944444444445
1072	KPI40	24	1.0
1073	KPI41	24	1.0
1074	KPI42	24	1.0
1075	KPI43	24	1.0
1076	KPI44	24	98.0
1077	KPI45	24	0.9833089362741165
1078	KPI46	24	44.0
1079	KPI49	24	918.0
1080	KPI01	25	0.9777777777777777
1081	KPI02	25	0.9642857142857143
1082	KPI03	25	0.910714286
1083	KPI47	25	1.0
1084	KPI48	25	8063.0
1085	KPI04	25	9226.0
1086	KPI05	25	795.0
1087	KPI06	25	1.82
1088	KPI08	25	0.0
1089	KPI09	25	1288.0
1090	KPI10	25	1.17
1091	KPI11	25	24.0
1092	KPI12	25	0.9993792675356921
1093	KPI13	25	0.8111801242236025
1094	KPI15	25	0.0
1095	KPI16	25	0.99
1096	KPI17	25	18838.0
1097	KPI18	25	16501.0
1098	KPI19	25	1.0
1099	KPI20	25	0.81
1100	KPI21	25	0.9863921489275597
1101	KPI22	25	1.0
1102	KPI25	25	5723.0
1103	KPI26	25	672.0
1104	KPI27	25	1.0
1105	KPI28	25	0.9924749459397803
1106	KPI29	25	254.0
1107	KPI30	25	0.0
1108	KPI31	25	248.0
1109	KPI32	25	0.97486175683566
1110	KPI33	25	0.7890625
1111	KPI34	25	0.0
1112	KPI35	25	44.0
1113	KPI36	25	45.0
1114	KPI37	25	1.0
1115	KPI38	25	0.175308642
1116	KPI39	25	1.0
1117	KPI40	25	1.0
1118	KPI41	25	1.0
1119	KPI42	25	0.7805280927837318
1120	KPI43	25	1.0
1121	KPI44	25	104.0
1122	KPI45	25	0.9486344942214516
1123	KPI46	25	61.0
1124	KPI49	25	1343.0
1125	KPI01	26	1.0
1126	KPI02	26	0.947368421
1127	KPI03	26	0.879310345
1128	KPI47	26	0.98
1129	KPI48	26	16245.0
1130	KPI04	26	38265.0
1131	KPI05	26	1072.0
1132	KPI06	26	0.98
1133	KPI08	26	0.0
1134	KPI09	26	6025.0
1135	KPI10	26	0.93
1136	KPI11	26	1.0
1137	KPI12	26	0.994552658
1138	KPI13	26	0.902572614
1139	KPI15	26	1.0
1140	KPI16	26	0.87
1141	KPI17	26	8229.0
1142	KPI18	26	22119.0
1143	KPI19	26	0.97
1144	KPI20	26	0.91
1145	KPI21	26	0.925133199
1146	KPI22	26	0.965517241
1147	KPI25	26	4281.0
1148	KPI26	26	32.0
1149	KPI27	26	1.0
1150	KPI28	26	0.9924749459397803
1151	KPI29	26	468.0
1152	KPI30	26	3.0
1153	KPI31	26	469.0
1154	KPI32	26	0.967940712501643
1155	KPI33	26	0.889375
1156	KPI34	26	0.0
1157	KPI35	26	29.0
1158	KPI36	26	46.0
1159	KPI37	26	1.0
1160	KPI38	26	0.316400581
1161	KPI39	26	0.9990310077519379
1162	KPI40	26	1.0
1163	KPI41	26	1.0
1164	KPI42	26	0.845061132922317
1165	KPI43	26	1.0
1166	KPI44	26	112.0
1167	KPI45	26	0.9825466850836758
1168	KPI46	26	43.0
1169	KPI49	26	1945.0
1170	KPI01	27	1.0
1171	KPI02	27	1.0
1172	KPI03	27	0.857142857
1173	KPI47	27	0.92
1174	KPI48	27	5380.0
1175	KPI04	27	23063.0
1176	KPI05	27	1598.0
1177	KPI06	27	0.88
1178	KPI08	27	0.0
1179	KPI09	27	4650.0
1180	KPI10	27	1.33
1181	KPI11	27	1.0
1182	KPI12	27	0.99
1183	KPI13	27	0.99
1184	KPI15	27	0.333333333333333
1185	KPI16	27	0.83
1186	KPI17	27	4487.0
1187	KPI18	27	22168.0
1188	KPI19	27	0.63
1189	KPI20	27	0.0
1190	KPI21	27	0.9732905982905983
1191	KPI22	27	0.98
1192	KPI25	27	4914.0
1193	KPI26	27	581.0
1194	KPI27	27	1.0
1195	KPI28	27	1.0
1196	KPI29	27	206.0
1197	KPI30	27	
1198	KPI31	27	514.0
1199	KPI32	27	0.967950963222417
1200	KPI33	27	0.3465625
1201	KPI34	27	0.0
1202	KPI35	27	16.0
1203	KPI36	27	41.0
1204	KPI37	27	1.0
1205	KPI38	27	0.169023136
1206	KPI39	27	0.9597222222222223
1207	KPI40	27	1.0
1208	KPI41	27	1.0
1209	KPI42	27	1.0
1210	KPI43	27	1.0
1211	KPI44	27	112.0
1212	KPI45	27	0.9916144043490327
1213	KPI46	27	42.0
1214	KPI49	27	1412.0
1215	KPI01	28	1.0
1216	KPI02	28	1.0
1217	KPI03	28	0.952380952
1218	KPI47	28	0.9
1219	KPI48	28	12012.0
1220	KPI04	28	17563.0
1221	KPI05	28	3491.0
1222	KPI06	28	0.67
1223	KPI08	28	0.49206349206349204
1224	KPI09	28	1488.0
1225	KPI10	28	1.67
1226	KPI11	28	2.0
1227	KPI12	28	0.9892183288409704
1228	KPI13	28	0.87
1229	KPI15	28	0.5416666666666666
1230	KPI16	28	0.71
1231	KPI17	28	6095.0
1232	KPI18	28	22169.0
1233	KPI19	28	0.94
1234	KPI20	28	1.04
1235	KPI21	28	0.9630252100840336
1236	KPI22	28	1.0
1237	KPI25	28	4964.0
1238	KPI26	28	1166.0
1239	KPI27	28	1.0
1240	KPI28	28	0.9825323357849354
1241	KPI29	28	302.0
1242	KPI30	28	5.0
1243	KPI31	28	1338.0
1244	KPI32	28	0.973565668365961
1245	KPI33	28	0.1115625
1246	KPI34	28	0.0
1247	KPI35	28	16.0
1248	KPI36	28	33.0
1249	KPI37	28	1.0
1250	KPI38	28	0.395585739
1251	KPI39	28	1.0
1252	KPI40	28	1.0
1253	KPI41	28	1.0
1254	KPI42	28	1.0
1255	KPI43	28	1.0
1256	KPI44	28	61.0
1257	KPI45	28	0.9916144043490327
1258	KPI46	28	45.0
1259	KPI49	28	2116.0
1260	KPI01	29	1.0
1261	KPI02	29	1.0
1262	KPI03	29	1.0
1263	KPI47	29	0.875
1264	KPI48	29	9755.0
1265	KPI04	29	23131.0
1266	KPI05	29	578.0
1267	KPI06	29	0.86
1268	KPI08	29	0.0
1269	KPI09	29	1617.0
1270	KPI10	29	1.83
1271	KPI11	29	3.0
1272	KPI12	29	0.9943373625176958
1273	KPI13	29	0.9968240061329536
1274	KPI15	29	1.0
1275	KPI16	29	1.05
1276	KPI17	29	595.0
1277	KPI18	29	18299.0
1278	KPI19	29	1.07
1279	KPI20	29	0.82
1280	KPI21	29	0.969147582697201
1281	KPI22	29	1.0
1282	KPI25	29	9184.0
1283	KPI26	29	106.0
1284	KPI27	29	1.0
1285	KPI28	29	0.995851483747189
1286	KPI29	29	259.0
1287	KPI30	29	-1.0
1288	KPI31	29	693.0
1289	KPI32	29	0.983744576340565
1290	KPI33	29	0.6603125
1291	KPI34	29	0.0
1292	KPI35	29	13.0
1293	KPI36	29	32.0
1294	KPI37	29	0.95
1295	KPI38	29	0.187022901
1296	KPI39	29	1.0
1297	KPI40	29	1.0
1298	KPI41	29	1.0
1299	KPI42	29	1.0
1300	KPI43	29	1.0
1301	KPI44	29	116.0
1302	KPI45	29	0.9561135273307616
1303	KPI46	29	29.0
1304	KPI49	29	1840.0
1305	KPI01	30	1.0
1306	KPI02	30	1.0
1307	KPI03	30	0.939393939
1308	KPI47	30	0.975609756097561
1309	KPI48	30	142.0
1310	KPI04	30	18521.0
1311	KPI05	30	1930.0
1312	KPI06	30	0.72
1313	KPI08	30	0.52
1314	KPI09	30	7792.0
1315	KPI10	30	1.34
1316	KPI11	30	1.0
1317	KPI12	30	0.996801842
1318	KPI13	30	1.0
1319	KPI15	30	0.375
1320	KPI16	30	1.1
1321	KPI17	30	5438.0
1322	KPI18	30	18454.0
1323	KPI19	30	0.69
1324	KPI20	30	0.84
1325	KPI21	30	0.955448091
1326	KPI22	30	0.914893617
1327	KPI25	30	8045.0
1328	KPI26	30	12.0
1329	KPI27	30	1.0
1330	KPI28	30	0.9962407613217459
1331	KPI29	30	252.0
1332	KPI30	30	5.0
1333	KPI31	30	761.0
1334	KPI32	30	0.985264340152427
1335	KPI33	30	0.47375
1336	KPI34	30	0.0
1337	KPI35	30	9.0
1338	KPI36	30	36.0
1339	KPI37	30	1.0
1340	KPI38	30	0.117493473
1341	KPI39	30	1.0
1342	KPI40	30	1.0
1343	KPI41	30	1.0
1344	KPI42	30	1.0
1345	KPI43	30	1.0
1346	KPI44	30	106.0
1347	KPI45	30	0.9670005865371191
1348	KPI46	30	41.0
1349	KPI49	30	1050.0
1350	KPI01	31	1.0
1351	KPI02	31	0.9803921568627451
1352	KPI03	31	0.867924528
1353	KPI47	31	0.8421052631578947
1354	KPI48	31	405.0
1355	KPI04	31	19800.0
1356	KPI05	31	6698.0
1357	KPI06	31	1.21
1358	KPI08	31	0.0
1359	KPI09	31	7214.0
1360	KPI10	31	1.63
1361	KPI11	31	3.0
1362	KPI12	31	0.9864624641050185
1363	KPI13	31	0.9976434710285556
1364	KPI15	31	0.6
1365	KPI16	31	0.77
1366	KPI17	31	15900.0
1367	KPI18	31	17629.0
1368	KPI19	31	0.72
1369	KPI20	31	0.92
1370	KPI21	31	0.9235051176153708
1371	KPI22	31	0.9565217391304348
1372	KPI25	31	6865.0
1373	KPI26	31	503.0
1374	KPI27	31	1.0
1375	KPI28	31	0.9969426331413493
1376	KPI29	31	253.0
1377	KPI30	31	35.0
1378	KPI31	31	872.0
1379	KPI32	31	0.948678296690642
1380	KPI33	31	0.95375
1381	KPI34	31	0.0
1382	KPI35	31	18.0
1383	KPI36	31	37.0
1384	KPI37	31	0.959459459
1385	KPI38	31	0.18495935
1386	KPI39	31	1.0
1387	KPI40	31	0.9833333333333334
1388	KPI41	31	1.0
1389	KPI42	31	0.9673533083645444
1390	KPI43	31	1.0
1391	KPI44	31	107.0
1392	KPI45	31	0.912219938722099
1393	KPI46	31	35.0
1394	KPI49	31	1240.0
1395	KPI01	32	1.0
1396	KPI02	32	1.0
1397	KPI03	32	0.923076923
1398	KPI47	32	0.866666667
1399	KPI48	32	1452.0
1400	KPI04	32	18740.0
1401	KPI05	32	196.0
1402	KPI06	32	0.91
1403	KPI08	32	0.7142857142857143
1404	KPI09	32	8884.0
1405	KPI10	32	1.39
1406	KPI11	32	1.0
1407	KPI12	32	0.996410947
1408	KPI13	32	0.771274201
1409	KPI15	32	0.4230769230769231
1410	KPI16	32	1.0
1411	KPI17	32	2625.0
1412	KPI18	32	17433.0
1413	KPI19	32	0.57
1414	KPI20	32	0.91
1415	KPI21	32	0.884565499
1416	KPI22	32	0.7777777777777778
1417	KPI25	32	7118.0
1418	KPI26	32	676.0
1419	KPI27	32	1.0
1420	KPI28	32	0.9969426331413493
1421	KPI29	32	8.0
1422	KPI30	32	35.0
1423	KPI31	32	933.0
1424	KPI32	32	0.981188707691882
1425	KPI33	32	1.5171875
1426	KPI34	32	0.0
1427	KPI35	32	16.0
1428	KPI36	32	48.0
1429	KPI37	32	1.0
1430	KPI38	32	0.080808081
1431	KPI39	32	0.9629629629629629
1432	KPI40	32	0.9583333333333334
1433	KPI41	32	1.0
1434	KPI42	32	0.6678558949785365
1435	KPI43	32	1.0
1436	KPI44	32	114.0
1437	KPI45	32	0.9559685840649406
1438	KPI46	32	156.0
1439	KPI49	32	2083.0
1440	KPI01	33	1.0
1441	KPI02	33	0.98
1442	KPI03	33	0.953125
1443	KPI47	33	0.833333333
1444	KPI48	33	3289.0
1445	KPI04	33	21186.0
1446	KPI05	33	220.0
1447	KPI06	33	1.04
1448	KPI08	33	0.5339805825242718
1449	KPI09	33	9898.0
1450	KPI10	33	1.54
1451	KPI11	33	1.0
1452	KPI12	33	0.993675334
1453	KPI13	33	0.88139018
1454	KPI15	33	0.8
1455	KPI16	33	1.01
1456	KPI17	33	3981.0
1457	KPI18	33	15287.0
1458	KPI19	33	1.41
1459	KPI20	33	0.74
1460	KPI21	33	0.96
1461	KPI22	33	0.9375
1462	KPI25	33	10185.0
1463	KPI26	33	38.0
1464	KPI27	33	1.0
1465	KPI28	33	0.9969426331413493
1466	KPI29	33	93.0
1467	KPI30	33	35.0
1468	KPI31	33	1129.0
1469	KPI32	33	0.980725276964959
1470	KPI33	33	1.87875
1471	KPI34	33	0.0
1472	KPI35	33	20.0
1473	KPI36	33	30.0
1474	KPI37	33	0.96969697
1475	KPI38	33	0.080976864
1476	KPI39	33	1.0
1477	KPI40	33	0.921875
1478	KPI41	33	1.0
1479	KPI42	33	0.48006134969325154
1480	KPI43	33	1.0
1481	KPI44	33	116.0
1482	KPI45	33	0.9902840045982803
1483	KPI46	33	86.0
1484	KPI49	33	2802.0
1485	KPI01	34	0.97
1486	KPI02	34	0.97
1487	KPI03	34	0.898550725
1488	KPI47	34	0.81
1489	KPI48	34	10638.0
1490	KPI04	34	28688.0
1491	KPI05	34	5941.0
1492	KPI06	34	0.71
1493	KPI08	34	0.0
1494	KPI09	34	10731.0
1495	KPI10	34	1.67
1496	KPI11	34	2.0
1497	KPI12	34	0.993335185
1498	KPI13	34	0.452427546
1499	KPI15	34	0.25
1500	KPI16	34	1.29
1501	KPI17	34	3825.0
1502	KPI18	34	14829.0
1503	KPI19	34	1.14
1504	KPI20	34	0.67
1505	KPI21	34	0.969238001
1506	KPI22	34	1.0
1507	KPI25	34	8478.0
1508	KPI26	34	6917.0
1509	KPI27	34	1.0
1510	KPI28	34	0.9959701710220102
1511	KPI29	34	167.0
1512	KPI30	34	5.0
1513	KPI31	34	1282.0
1514	KPI32	34	0.96758005871806
1515	KPI33	34	2.0
1516	KPI34	34	0.0
1517	KPI35	34	20.0
1518	KPI36	34	15.0
1519	KPI37	34	0.983606557
1520	KPI38	34	0.033690658
1521	KPI39	34	1.0
1522	KPI40	34	0.9545454545454546
1523	KPI41	34	1.0
1524	KPI42	34	0.95
1525	KPI43	34	1.0
1526	KPI44	34	118.0
1527	KPI45	34	0.9909747399460663
1528	KPI46	34	92.0
1529	KPI49	34	1674.0
1530	KPI01	35	0.964912281
1531	KPI02	35	1.0
1532	KPI03	35	0.961538462
1533	KPI47	35	1.0
1534	KPI48	35	23137.0
1535	KPI04	35	51574.0
1536	KPI05	35	1994.0
1537	KPI06	35	1.32
1538	KPI08	35	0.02976190476190476
1539	KPI09	35	10848.0
1540	KPI10	35	1.47
1541	KPI11	35	0.0
1542	KPI12	35	0.987438558
1543	KPI13	35	0.672935103
1544	KPI15	35	0.8823529411764706
1545	KPI16	35	1.08
1546	KPI17	35	3738.0
1547	KPI18	35	11119.0
1548	KPI19	35	0.86
1549	KPI20	35	0.64
1550	KPI21	35	0.980743982
1551	KPI22	35	0.888888889
1552	KPI25	35	12684.0
1553	KPI26	35	2345.0
1554	KPI27	35	1.0
1555	KPI28	35	0.9962185017325405
1556	KPI29	35	56.0
1557	KPI30	35	7.0
1558	KPI31	35	572.0
1559	KPI32	35	0.983017395018632
1560	KPI33	35	1.8078125
1561	KPI34	35	0.0
1562	KPI35	35	30.0
1563	KPI36	35	11.0
1564	KPI37	35	0.978723404
1565	KPI38	35	0.212560386
1566	KPI39	35	1.0
1567	KPI40	35	1.0
1568	KPI41	35	1.0
1569	KPI42	35	0.89937106918239
1570	KPI43	35	1.0
1571	KPI44	35	119.0
1572	KPI45	35	0.7879810309770949
1573	KPI46	35	39.0
1574	KPI49	35	1151.0
1575	KPI01	36	1.0
1576	KPI02	36	1.0
1577	KPI03	36	0.857142857
1578	KPI47	36	0.94
1579	KPI48	36	4331.0
1580	KPI04	36	41075.0
1581	KPI05	36	9986.0
1582	KPI06	36	0.97
1583	KPI08	36	1.0
1584	KPI09	36	8356.0
1585	KPI10	36	1.36
1586	KPI11	36	23.0
1587	KPI12	36	0.98
1588	KPI13	36	0.76
1589	KPI15	36	0.0
1590	KPI16	36	1.02
1591	KPI17	36	2906.0
1592	KPI18	36	9948.0
1593	KPI19	36	0.98
1594	KPI20	36	0.9
1595	KPI21	36	0.84
1596	KPI22	36	0.975
1597	KPI25	36	7492.0
1598	KPI26	36	6409.0
1599	KPI27	36	1.0
1600	KPI28	36	0.9990790031712674
1601	KPI29	36	124.0
1602	KPI30	36	47.0
1603	KPI31	36	763.0
1604	KPI32	36	0.98
1605	KPI33	36	2.093125
1606	KPI34	36	0.0
1607	KPI35	36	10.0
1608	KPI36	36	5.0
1609	KPI37	36	0.98
1610	KPI38	36	0.184
1611	KPI39	36	0.9986807387862797
1612	KPI40	36	1.0
1613	KPI41	36	1.0
1614	KPI42	36	1.0
1615	KPI43	36	0.9986666666666667
1616	KPI44	36	120.0
1617	KPI45	36	0.9943227721122729
1618	KPI46	36	59.0
1619	KPI49	36	1500.0
1620	KPI01	37	1.0
1621	KPI02	37	1.0
1622	KPI03	37	0.91
1623	KPI47	37	1.0
1624	KPI48	37	604.0
1625	KPI04	37	53910.0
1626	KPI05	37	21350.0
1627	KPI06	37	1.04
1628	KPI08	37	0.125
1629	KPI09	37	7731.0
1630	KPI10	37	1.48
1631	KPI11	37	3.0
1632	KPI12	37	0.99
1633	KPI13	37	0.94
1634	KPI15	37	0.0
1635	KPI16	37	0.84
1636	KPI17	37	4033.0
1637	KPI18	37	9590.0
1638	KPI19	37	1.1
1639	KPI20	37	0.78
1640	KPI21	37	0.97
1641	KPI22	37	1.0
1642	KPI25	37	6863.0
1643	KPI26	37	5085.0
1644	KPI27	37	1.0
1645	KPI28	37	0.9990371398189694
1646	KPI29	37	248.0
1647	KPI30	37	63.0
1648	KPI31	37	2929.0
1649	KPI32	37	0.91
1650	KPI33	37	1.3215625
1651	KPI34	37	0.0
1652	KPI35	37	13.0
1653	KPI36	37	6.0
1654	KPI37	37	0.96
1655	KPI38	37	0.135526316
1656	KPI39	37	1.0
1657	KPI40	37	0.9833333333333333
1658	KPI41	37	1.0
1659	KPI42	37	0.9936908517350158
1660	KPI43	37	0.9995098039215686
1661	KPI44	37	123.0
1662	KPI45	37	0.9880909653336497
1663	KPI46	37	43.0
1664	KPI49	37	1921.0
1665	KPI01	38	1.0
1666	KPI02	38	0.966666667
1667	KPI03	38	0.942857143
1668	KPI47	38	1.0
1669	KPI48	38	2530.0
1670	KPI04	38	44689.0
1671	KPI05	38	1344.0
1672	KPI06	38	0.85
1673	KPI08	38	0.03225806451612903
1674	KPI09	38	10000.0
1675	KPI10	38	1.28
1676	KPI11	38	3.0
1677	KPI12	38	0.971156648
1678	KPI13	38	0.35
1679	KPI15	38	0.4827586206896552
1680	KPI16	38	1.17
1681	KPI17	38	6704.0
1682	KPI18	38	9449.0
1683	KPI19	38	0.85
1684	KPI20	38	0.78
1685	KPI21	38	0.963294477
1686	KPI22	38	1.0
1687	KPI25	38	9086.0
1688	KPI26	38	198.0
1689	KPI27	38	1.0
1690	KPI28	38	
1691	KPI29	38	268.0
1692	KPI30	38	74.0
1693	KPI31	38	1323.0
1694	KPI32	38	0.939620757
1695	KPI33	38	1.9740625
1696	KPI34	38	1.0
1697	KPI35	38	3.0
1698	KPI36	38	7.0
1699	KPI37	38	0.968253968
1700	KPI38	38	0.18
1701	KPI39	38	0.9965034965034965
1702	KPI40	38	1.0
1703	KPI41	38	1.0
1704	KPI42	38	0.9335664335664335
1705	KPI43	38	0.9995098039215686
1706	KPI44	38	122.0
1707	KPI45	38	0.9653322637791726
1708	KPI46	38	69.0
1709	KPI49	38	722.0
1710	KPI01	39	
1711	KPI02	39	
1712	KPI03	39	
1713	KPI47	39	
1714	KPI48	39	
1715	KPI04	39	
1716	KPI05	39	
1717	KPI06	39	
1718	KPI08	39	
1719	KPI09	39	
1720	KPI10	39	
1721	KPI11	39	
1722	KPI12	39	
1723	KPI13	39	
1724	KPI15	39	
1725	KPI16	39	
1726	KPI17	39	
1727	KPI18	39	
1728	KPI19	39	
1729	KPI20	39	
1730	KPI21	39	
1731	KPI22	39	
1732	KPI25	39	
1733	KPI26	39	
1734	KPI27	39	
1735	KPI28	39	
1736	KPI29	39	
1737	KPI30	39	
1738	KPI31	39	
1739	KPI32	39	
1740	KPI33	39	
1741	KPI34	39	
1742	KPI35	39	
1743	KPI36	39	
1744	KPI37	39	
1745	KPI38	39	
1746	KPI39	39	
1747	KPI40	39	
1748	KPI41	39	
1749	KPI42	39	
1750	KPI43	39	
1751	KPI44	39	
1752	KPI45	39	
1753	KPI46	39	
1754	KPI49	39	
1755	KPI01	40	
1756	KPI02	40	
1757	KPI03	40	
1758	KPI47	40	
1759	KPI48	40	
1760	KPI04	40	
1761	KPI05	40	
1762	KPI06	40	
1763	KPI08	40	
1764	KPI09	40	
1765	KPI10	40	
1766	KPI11	40	
1767	KPI12	40	
1768	KPI13	40	
1769	KPI15	40	
1770	KPI16	40	
1771	KPI17	40	
1772	KPI18	40	
1773	KPI19	40	
1774	KPI20	40	
1775	KPI21	40	
1776	KPI22	40	
1777	KPI25	40	
1778	KPI26	40	
1779	KPI27	40	
1780	KPI28	40	
1781	KPI29	40	
1782	KPI30	40	
1783	KPI31	40	
1784	KPI32	40	
1785	KPI33	40	
1786	KPI34	40	
1787	KPI35	40	
1788	KPI36	40	
1789	KPI37	40	
1790	KPI38	40	
1791	KPI39	40	
1792	KPI40	40	
1793	KPI41	40	
1794	KPI42	40	
1795	KPI43	40	
1796	KPI44	40	
1797	KPI45	40	
1798	KPI46	40	
1799	KPI49	40	
1800	KPI01	41	
1801	KPI02	41	
1802	KPI03	41	
1803	KPI47	41	
1804	KPI48	41	
1805	KPI04	41	
1806	KPI05	41	
1807	KPI06	41	
1808	KPI08	41	
1809	KPI09	41	
1810	KPI10	41	
1811	KPI11	41	
1812	KPI12	41	
1813	KPI13	41	
1814	KPI15	41	
1815	KPI16	41	
1816	KPI17	41	
1817	KPI18	41	
1818	KPI19	41	
1819	KPI20	41	
1820	KPI21	41	
1821	KPI22	41	
1822	KPI25	41	
1823	KPI26	41	
1824	KPI27	41	
1825	KPI28	41	
1826	KPI29	41	
1827	KPI30	41	
1828	KPI31	41	
1829	KPI32	41	
1830	KPI33	41	
1831	KPI34	41	
1832	KPI35	41	
1833	KPI36	41	
1834	KPI37	41	
1835	KPI38	41	
1836	KPI39	41	
1837	KPI40	41	
1838	KPI41	41	
1839	KPI42	41	
1840	KPI43	41	
1841	KPI44	41	
1842	KPI45	41	
1843	KPI46	41	
1844	KPI49	41	
1845	KPI01	42	
1846	KPI02	42	
1847	KPI03	42	
1848	KPI47	42	
1849	KPI48	42	
1850	KPI04	42	
1851	KPI05	42	
1852	KPI06	42	
1853	KPI08	42	
1854	KPI09	42	
1855	KPI10	42	
1856	KPI11	42	
1857	KPI12	42	
1858	KPI13	42	
1859	KPI15	42	
1860	KPI16	42	
1861	KPI17	42	
1862	KPI18	42	
1863	KPI19	42	
1864	KPI20	42	
1865	KPI21	42	
1866	KPI22	42	
1867	KPI25	42	
1868	KPI26	42	
1869	KPI27	42	
1870	KPI28	42	
1871	KPI29	42	
1872	KPI30	42	
1873	KPI31	42	
1874	KPI32	42	
1875	KPI33	42	
1876	KPI34	42	
1877	KPI35	42	
1878	KPI36	42	
1879	KPI37	42	
1880	KPI38	42	
1881	KPI39	42	
1882	KPI40	42	
1883	KPI41	42	
1884	KPI42	42	
1885	KPI43	42	
1886	KPI44	42	
1887	KPI45	42	
1888	KPI46	42	
1889	KPI49	42	
1890	KPI01	43	
1891	KPI02	43	
1892	KPI03	43	
1893	KPI47	43	
1894	KPI48	43	
1895	KPI04	43	
1896	KPI05	43	
1897	KPI06	43	
1898	KPI08	43	
1899	KPI09	43	
1900	KPI10	43	
1901	KPI11	43	
1902	KPI12	43	
1903	KPI13	43	
1904	KPI15	43	
1905	KPI16	43	
1906	KPI17	43	
1907	KPI18	43	
1908	KPI19	43	
1909	KPI20	43	
1910	KPI21	43	
1911	KPI22	43	
1912	KPI25	43	
1913	KPI26	43	
1914	KPI27	43	
1915	KPI28	43	
1916	KPI29	43	
1917	KPI30	43	
1918	KPI31	43	
1919	KPI32	43	
1920	KPI33	43	
1921	KPI34	43	
1922	KPI35	43	
1923	KPI36	43	
1924	KPI37	43	
1925	KPI38	43	
1926	KPI39	43	
1927	KPI40	43	
1928	KPI41	43	
1929	KPI42	43	
1930	KPI43	43	
1931	KPI44	43	
1932	KPI45	43	
1933	KPI46	43	
1934	KPI49	43	
1935	KPI01	44	
1936	KPI02	44	
1937	KPI03	44	
1938	KPI47	44	
1939	KPI48	44	
1940	KPI04	44	
1941	KPI05	44	
1942	KPI06	44	
1943	KPI08	44	
1944	KPI09	44	
1945	KPI10	44	
1946	KPI11	44	
1947	KPI12	44	
1948	KPI13	44	
1949	KPI15	44	
1950	KPI16	44	
1951	KPI17	44	
1952	KPI18	44	
1953	KPI19	44	
1954	KPI20	44	
1955	KPI21	44	
1956	KPI22	44	
1957	KPI25	44	
1958	KPI26	44	
1959	KPI27	44	
1960	KPI28	44	
1961	KPI29	44	
1962	KPI30	44	
1963	KPI31	44	
1964	KPI32	44	
1965	KPI33	44	
1966	KPI34	44	
1967	KPI35	44	
1968	KPI36	44	
1969	KPI37	44	
1970	KPI38	44	
1971	KPI39	44	
1972	KPI40	44	
1973	KPI41	44	
1974	KPI42	44	
1975	KPI43	44	
1976	KPI44	44	
1977	KPI45	44	
1978	KPI46	44	
1979	KPI49	44	
1980	KPI01	45	
1981	KPI02	45	
1982	KPI03	45	
1983	KPI47	45	
1984	KPI48	45	
1985	KPI04	45	
1986	KPI05	45	
1987	KPI06	45	
1988	KPI08	45	
1989	KPI09	45	
1990	KPI10	45	
1991	KPI11	45	
1992	KPI12	45	
1993	KPI13	45	
1994	KPI15	45	
1995	KPI16	45	
1996	KPI17	45	
1997	KPI18	45	
1998	KPI19	45	
1999	KPI20	45	
2000	KPI21	45	
2001	KPI22	45	
2002	KPI25	45	
2003	KPI26	45	
2004	KPI27	45	
2005	KPI28	45	
2006	KPI29	45	
2007	KPI30	45	
2008	KPI31	45	
2009	KPI32	45	
2010	KPI33	45	
2011	KPI34	45	
2012	KPI35	45	
2013	KPI36	45	
2014	KPI37	45	
2015	KPI38	45	
2016	KPI39	45	
2017	KPI40	45	
2018	KPI41	45	
2019	KPI42	45	
2020	KPI43	45	
2021	KPI44	45	
2022	KPI45	45	
2023	KPI46	45	
2024	KPI49	45	
2025	KPI01	46	
2026	KPI02	46	
2027	KPI03	46	
2028	KPI47	46	
2029	KPI48	46	
2030	KPI04	46	
2031	KPI05	46	
2032	KPI06	46	
2033	KPI08	46	
2034	KPI09	46	
2035	KPI10	46	
2036	KPI11	46	
2037	KPI12	46	
2038	KPI13	46	
2039	KPI15	46	
2040	KPI16	46	
2041	KPI17	46	
2042	KPI18	46	
2043	KPI19	46	
2044	KPI20	46	
2045	KPI21	46	
2046	KPI22	46	
2047	KPI25	46	
2048	KPI26	46	
2049	KPI27	46	
2050	KPI28	46	
2051	KPI29	46	
2052	KPI30	46	
2053	KPI31	46	
2054	KPI32	46	
2055	KPI33	46	
2056	KPI34	46	
2057	KPI35	46	
2058	KPI36	46	
2059	KPI37	46	
2060	KPI38	46	
2061	KPI39	46	
2062	KPI40	46	
2063	KPI41	46	
2064	KPI42	46	
2065	KPI43	46	
2066	KPI44	46	
2067	KPI45	46	
2068	KPI46	46	
2069	KPI49	46	
2070	KPI01	47	
2071	KPI02	47	
2072	KPI03	47	
2073	KPI47	47	
2074	KPI48	47	
2075	KPI04	47	
2076	KPI05	47	
2077	KPI06	47	
2078	KPI08	47	
2079	KPI09	47	
2080	KPI10	47	
2081	KPI11	47	
2082	KPI12	47	
2083	KPI13	47	
2084	KPI15	47	
2085	KPI16	47	
2086	KPI17	47	
2087	KPI18	47	
2088	KPI19	47	
2089	KPI20	47	
2090	KPI21	47	
2091	KPI22	47	
2092	KPI25	47	
2093	KPI26	47	
2094	KPI27	47	
2095	KPI28	47	
2096	KPI29	47	
2097	KPI30	47	
2098	KPI31	47	
2099	KPI32	47	
2100	KPI33	47	
2101	KPI34	47	
2102	KPI35	47	
2103	KPI36	47	
2104	KPI37	47	
2105	KPI38	47	
2106	KPI39	47	
2107	KPI40	47	
2108	KPI41	47	
2109	KPI42	47	
2110	KPI43	47	
2111	KPI44	47	
2112	KPI45	47	
2113	KPI46	47	
2114	KPI49	47	
2115	KPI01	48	
2116	KPI02	48	
2117	KPI03	48	
2118	KPI47	48	
2119	KPI48	48	
2120	KPI04	48	
2121	KPI05	48	
2122	KPI06	48	
2123	KPI08	48	
2124	KPI09	48	
2125	KPI10	48	
2126	KPI11	48	
2127	KPI12	48	
2128	KPI13	48	
2129	KPI15	48	
2130	KPI16	48	
2131	KPI17	48	
2132	KPI18	48	
2133	KPI19	48	
2134	KPI20	48	
2135	KPI21	48	
2136	KPI22	48	
2137	KPI25	48	
2138	KPI26	48	
2139	KPI27	48	
2140	KPI28	48	
2141	KPI29	48	
2142	KPI30	48	
2143	KPI31	48	
2144	KPI32	48	
2145	KPI33	48	
2146	KPI34	48	
2147	KPI35	48	
2148	KPI36	48	
2149	KPI37	48	
2150	KPI38	48	
2151	KPI39	48	
2152	KPI40	48	
2153	KPI41	48	
2154	KPI42	48	
2155	KPI43	48	
2156	KPI44	48	
2157	KPI45	48	
2158	KPI46	48	
2159	KPI49	48	
2160	KPI01	49	
2161	KPI02	49	
2162	KPI03	49	
2163	KPI47	49	
2164	KPI48	49	
2165	KPI04	49	
2166	KPI05	49	
2167	KPI06	49	
2168	KPI08	49	
2169	KPI09	49	
2170	KPI10	49	
2171	KPI11	49	
2172	KPI12	49	
2173	KPI13	49	
2174	KPI15	49	
2175	KPI16	49	
2176	KPI17	49	
2177	KPI18	49	
2178	KPI19	49	
2179	KPI20	49	
2180	KPI21	49	
2181	KPI22	49	
2182	KPI25	49	
2183	KPI26	49	
2184	KPI27	49	
2185	KPI28	49	
2186	KPI29	49	
2187	KPI30	49	
2188	KPI31	49	
2189	KPI32	49	
2190	KPI33	49	
2191	KPI34	49	
2192	KPI35	49	
2193	KPI36	49	
2194	KPI37	49	
2195	KPI38	49	
2196	KPI39	49	
2197	KPI40	49	
2198	KPI41	49	
2199	KPI42	49	
2200	KPI43	49	
2201	KPI44	49	
2202	KPI45	49	
2203	KPI46	49	
2204	KPI49	49	
2205	KPI01	50	
2206	KPI02	50	
2207	KPI03	50	
2208	KPI47	50	
2209	KPI48	50	
2210	KPI04	50	
2211	KPI05	50	
2212	KPI06	50	
2213	KPI08	50	
2214	KPI09	50	
2215	KPI10	50	
2216	KPI11	50	
2217	KPI12	50	
2218	KPI13	50	
2219	KPI15	50	
2220	KPI16	50	
2221	KPI17	50	
2222	KPI18	50	
2223	KPI19	50	
2224	KPI20	50	
2225	KPI21	50	
2226	KPI22	50	
2227	KPI25	50	
2228	KPI26	50	
2229	KPI27	50	
2230	KPI28	50	
2231	KPI29	50	
2232	KPI30	50	
2233	KPI31	50	
2234	KPI32	50	
2235	KPI33	50	
2236	KPI34	50	
2237	KPI35	50	
2238	KPI36	50	
2239	KPI37	50	
2240	KPI38	50	
2241	KPI39	50	
2242	KPI40	50	
2243	KPI41	50	
2244	KPI42	50	
2245	KPI43	50	
2246	KPI44	50	
2247	KPI45	50	
2248	KPI46	50	
2249	KPI49	50	
2250	KPI01	51	
2251	KPI02	51	
2252	KPI03	51	
2253	KPI47	51	
2254	KPI48	51	
2255	KPI04	51	
2256	KPI05	51	
2257	KPI06	51	
2258	KPI08	51	
2259	KPI09	51	
2260	KPI10	51	
2261	KPI11	51	
2262	KPI12	51	
2263	KPI13	51	
2264	KPI15	51	
2265	KPI16	51	
2266	KPI17	51	
2267	KPI18	51	
2268	KPI19	51	
2269	KPI20	51	
2270	KPI21	51	
2271	KPI22	51	
2272	KPI25	51	
2273	KPI26	51	
2274	KPI27	51	
2275	KPI28	51	
2276	KPI29	51	
2277	KPI30	51	
2278	KPI31	51	
2279	KPI32	51	
2280	KPI33	51	
2281	KPI34	51	
2282	KPI35	51	
2283	KPI36	51	
2284	KPI37	51	
2285	KPI38	51	
2286	KPI39	51	
2287	KPI40	51	
2288	KPI41	51	
2289	KPI42	51	
2290	KPI43	51	
2291	KPI44	51	
2292	KPI45	51	
2293	KPI46	51	
2294	KPI49	51	
