	id	week	value
0	KPI01	1	1.0
1	KPI02	1	1.0
2	KPI03	1	
3	KPI47	1	
4	KPI48	1	0.0
5	KPI04	1	53254.0
6	KPI05	1	25429.0
7	KPI06	1	1.2344541910331384
8	KPI08	1	0.0
9	KPI09	1	1473.0
10	KPI10	1	1.2591489361702128
11	KPI11	1	
12	KPI12	1	0.9690480639468493
13	KPI13	1	1.0
14	KPI15	1	
15	KPI16	1	1.00375
16	KPI17	1	0.0
17	KPI18	1	16966.0
18	KPI19	1	0.7676518883415435
19	KPI20	1	
20	KPI21	1	1.0
21	KPI22	1	1.0
22	KPI25	1	1330.0
23	KPI26	1	24.0
24	KPI27	1	1.0
25	KPI28	1	
26	KPI29	1	
27	KPI30	1	399.0
28	KPI31	1	2867.0
29	KPI32	1	0.9735104557077305
30	KPI33	1	0.6928125
31	KPI34	1	1.0
32	KPI35	1	
33	KPI36	1	185.0
34	KPI37	1	1.0
35	KPI38	1	0.23738872403560832
36	KPI39	1	1.0
37	KPI40	1	
38	KPI41	1	
39	KPI42	1	1.0
40	KPI43	1	1.0
41	KPI44	1	1.1590844384756886e-05
42	KPI45	1	0.39043023530657694
43	KPI46	1	
44	KPI01	2	0.8857142857142857
45	KPI02	2	0.9565217391304348
46	KPI03	2	1.0
47	KPI47	2	
48	KPI48	2	26.0
49	KPI04	2	53365.0
50	KPI05	2	8583.0
51	KPI06	2	0.9834394904458599
52	KPI08	2	0.0
53	KPI09	2	1897.0
54	KPI10	2	0.8861224489795918
55	KPI11	2	10.0
56	KPI12	2	0.9852500527288655
57	KPI13	2	0.9904477129465008
58	KPI15	2	1.0
59	KPI16	2	0.7605128205128205
60	KPI17	2	3327.0
61	KPI18	2	18287.0
62	KPI19	2	1.5225225225225225
63	KPI20	2	
64	KPI21	2	0.991578426221254
65	KPI22	2	1.0
66	KPI25	2	1813.0
67	KPI26	2	301.0
68	KPI27	2	1.0
69	KPI28	2	
70	KPI29	2	102.0
71	KPI30	2	399.0
72	KPI31	2	2673.0
73	KPI32	2	0.9807339003922936
74	KPI33	2	0.7046875
75	KPI34	2	0.666666666666667
76	KPI35	2	926.0
77	KPI36	2	184.0
78	KPI37	2	0.9814814814814815
79	KPI38	2	0.10512820512820513
80	KPI39	2	0.9961693829131701
81	KPI40	2	0.9833333333333334
82	KPI41	2	1.0
83	KPI42	2	1.0
84	KPI43	2	1.0
85	KPI44	2	1.23752305424721e-05
86	KPI45	2	0.3834863064439271
87	KPI46	2	116.0
88	KPI01	3	0.8703703703703703
89	KPI02	3	0.90625
90	KPI03	3	0.8333333333333334
91	KPI47	3	1.0
92	KPI48	3	323.0
93	KPI04	3	11596.0
94	KPI05	3	47.0
95	KPI06	3	0.605
96	KPI08	3	0.0
97	KPI09	3	7294.0
98	KPI10	3	0.8495061728395061
99	KPI11	3	10.0
100	KPI12	3	0.9985381821659157
101	KPI13	3	0.9227976232694253
102	KPI15	3	0.3333333333333333
103	KPI16	3	0.6107317073170732
104	KPI17	3	10756.0
105	KPI18	3	17677.0
106	KPI19	3	1.6524752475247524
107	KPI20	3	0.8072672672672673
108	KPI21	3	0.9333333333333332
109	KPI22	3	0.3115942028985507
110	KPI25	3	7743.0
111	KPI26	3	123.0
112	KPI27	3	1.0
113	KPI28	3	0.9864792660949259
114	KPI29	3	251.0
115	KPI30	3	403.0
116	KPI31	3	2864.0
117	KPI32	3	0.9583641638185171
118	KPI33	3	1.1196875
119	KPI34	3	0.25
120	KPI35	3	926.0
121	KPI36	3	180.0
122	KPI37	3	1.0
123	KPI38	3	0.09950248756218906
124	KPI39	3	0.9888026932084308
125	KPI40	3	0.9444444444444445
126	KPI41	3	1.0
127	KPI42	3	1.0
128	KPI43	3	0.9995429616087751
129	KPI44	3	1.5154397438383747e-05
130	KPI45	3	0.42819895660193064
131	KPI46	3	116.0
132	KPI01	4	0.9743589743589743
133	KPI02	4	0.9459459459459459
134	KPI03	4	0.96875
135	KPI47	4	1.0
136	KPI48	4	31.0
137	KPI04	4	4497.0
138	KPI05	4	50.0
139	KPI06	4	1.2028846153846153
140	KPI08	4	0.0
141	KPI09	4	7310.0
142	KPI10	4	0.8
143	KPI11	4	10.0
144	KPI12	4	0.9930498213070473
145	KPI13	4	0.9949758454106281
146	KPI15	4	0.4375
147	KPI16	4	0.6512280701754386
148	KPI17	4	1867.0
149	KPI18	4	17390.0
150	KPI19	4	0.8652298850574712
151	KPI20	4	1.2475318066157761
152	KPI21	4	0.9102291519017246
153	KPI22	4	0.625
154	KPI25	4	7746.0
155	KPI26	4	39.0
156	KPI27	4	1.0
157	KPI28	4	0.9820175022904623
158	KPI29	4	218.0
159	KPI30	4	403.0
160	KPI31	4	2960.0
161	KPI32	4	0.9764249423747632
162	KPI33	4	1.5853125
163	KPI34	4	1.0
164	KPI35	4	946.0
165	KPI36	4	178.0
166	KPI37	4	0.971830985915493
167	KPI38	4	0.1799660441426146
168	KPI39	4	0.9808221360169412
169	KPI40	4	0.9444444444444445
170	KPI41	4	1.0
171	KPI42	4	1.0
172	KPI43	4	0.9532538955087076
173	KPI44	4	1.829156885489126e-05
174	KPI45	4	0.35135602306266545
175	KPI46	4	105.0
176	KPI01	5	0.9811320754716981
177	KPI02	5	0.9512195121951219
178	KPI03	5	0.9493670886075949
179	KPI47	5	1.0
180	KPI48	5	237.0
181	KPI04	5	4979.0
182	KPI05	5	9678.0
183	KPI06	5	0.4930880713489409
184	KPI08	5	0.0
185	KPI09	5	8276.0
186	KPI10	5	0.7869268292682927
187	KPI11	5	12.0
188	KPI12	5	0.997110718471858
189	KPI13	5	0.9757292781440949
190	KPI15	5	0.047619047619047616
191	KPI16	5	0.6175384615384616
192	KPI17	5	18084.0
193	KPI18	5	19153.0
194	KPI19	5	0.6515679442508711
195	KPI20	5	1.2115447154471544
196	KPI21	5	0.9007834947675746
197	KPI22	5	1.0
198	KPI25	5	7802.0
199	KPI26	5	375.0
200	KPI27	5	1.0
201	KPI28	5	0.9818699687260133
202	KPI29	5	89.0
203	KPI30	5	317.0
204	KPI31	5	3066.0
205	KPI32	5	0.97236678911169
206	KPI33	5	1.0290625
207	KPI34	5	1.0
208	KPI35	5	497.0
209	KPI36	5	163.0
210	KPI37	5	0.8857142857142857
211	KPI38	5	0.08108108108108109
212	KPI39	5	0.9929761862375086
213	KPI40	5	1.0
214	KPI41	5	1.0
215	KPI42	5	1.0
216	KPI43	5	1.0
217	KPI44	5	1.81148018478409e-05
218	KPI45	5	0.3513766314877216
219	KPI46	5	121.0
220	KPI01	6	1.0
221	KPI02	6	0.967741935483871
222	KPI03	6	0.9607843137254902
223	KPI47	6	1.0
224	KPI48	6	896.0
225	KPI04	6	5376.0
226	KPI05	6	355.0
227	KPI06	6	0.7926356589147286
228	KPI08	6	0.0
229	KPI09	6	5990.0
230	KPI10	6	0.8120279720279721
231	KPI11	6	16.0
232	KPI12	6	0.9886946386946387
233	KPI13	6	1.0
234	KPI15	6	0.0
235	KPI16	6	0.5355844155844156
236	KPI17	6	3645.0
237	KPI18	6	18962.0
238	KPI19	6	0.8811653116531165
239	KPI20	6	1.3501157024793389
240	KPI21	6	0.7078326424661459
241	KPI22	6	0.8333333333333334
242	KPI25	6	5220.0
243	KPI26	6	3276.0
244	KPI27	6	1.0
245	KPI28	6	0.9779510306537046
246	KPI29	6	2.0
247	KPI30	6	317.0
248	KPI31	6	3677.0
249	KPI32	6	0.9677309223859937
250	KPI33	6	0.6465625
251	KPI34	6	0.5
252	KPI35	6	432.0
253	KPI36	6	160.0
254	KPI37	6	0.8805970149253731
255	KPI38	6	0.12249443207126949
256	KPI39	6	0.9959613259371692
257	KPI40	6	1.0
258	KPI41	6	1.0
259	KPI42	6	1.0
260	KPI43	6	1.0
261	KPI44	6	30.0
262	KPI45	6	0.7146057867764279
263	KPI46	6	145.0
264	KPI01	7	0.9259259259259259
265	KPI02	7	0.96875
266	KPI03	7	0.9482758620689655
267	KPI47	7	0.7272727272727273
268	KPI48	7	2927.0
269	KPI04	7	7319.0
270	KPI05	7	8661.0
271	KPI06	7	0.72
272	KPI08	7	0.0
273	KPI09	7	5676.0
274	KPI10	7	0.8921167883211679
275	KPI11	7	31.0
276	KPI12	7	0.9951389781263043
277	KPI13	7	1.0
278	KPI15	7	0.2857142857142857
279	KPI16	7	0.58
280	KPI17	7	4108.0
281	KPI18	7	17497.0
282	KPI19	7	0.87
283	KPI20	7	1.04
284	KPI21	7	0.8534865400904545
285	KPI22	7	0.7984251968503937
286	KPI25	7	6529.0
287	KPI26	7	1640.0
288	KPI27	7	1.0
289	KPI28	7	0.9572676767204135
290	KPI29	7	28.0
291	KPI30	7	
292	KPI31	7	3677.0
293	KPI32	7	0.9677309223859937
294	KPI33	7	0.2521875
295	KPI34	7	0.0
296	KPI35	7	307.0
297	KPI36	7	184.0
298	KPI37	7	0.9866666666666667
299	KPI38	7	0.18640350877192982
300	KPI39	7	0.9955555555555556
301	KPI40	7	1.0
302	KPI41	7	1.0
303	KPI42	7	1.0
304	KPI43	7	1.0
305	KPI44	7	32.0
306	KPI45	7	0.9158057146318125
307	KPI46	7	162.0
308	KPI01	8	0.8787878787878788
309	KPI02	8	0.9333333333333333
310	KPI03	8	0.9649122807017544
311	KPI47	8	0.8571428571428571
312	KPI48	8	3976.0
313	KPI04	8	8162.0
314	KPI05	8	11638.0
315	KPI06	8	0.46
316	KPI08	8	0.0
317	KPI09	8	5214.0
318	KPI10	8	0.7758666666666667
319	KPI11	8	11.0
320	KPI12	8	0.9959879122985192
321	KPI13	8	0.9697254170868946
322	KPI15	8	0.2
323	KPI16	8	0.65
324	KPI17	8	3692.0
325	KPI18	8	17771.0
326	KPI19	8	0.5
327	KPI20	8	0.92
328	KPI21	8	0.883343913184762
329	KPI22	8	0.8333333333333334
330	KPI25	8	4628.0
331	KPI26	8	186.0
332	KPI27	8	1.0
333	KPI28	8	0.9768179429303991
334	KPI29	8	96.0
335	KPI30	8	289.0
336	KPI31	8	6034.0
337	KPI32	8	0.9323238566131026
338	KPI33	8	0.7265625
339	KPI34	8	0.0
340	KPI35	8	334.0
341	KPI36	8	207.0
342	KPI37	8	0.9655172413793104
343	KPI38	8	0.2519280205655527
344	KPI39	8	0.9788961038961039
345	KPI40	8	1.0
346	KPI41	8	1.0
347	KPI42	8	1.0
348	KPI43	8	0.18867138692211582
349	KPI44	8	41.0
350	KPI45	8	0.9699514880357081
351	KPI46	8	294.0
352	KPI01	9	0.9574468085106383
353	KPI02	9	0.8787878787878788
354	KPI03	9	0.9649122807017544
355	KPI47	9	0.7647058823529411
356	KPI48	9	11610.0
357	KPI04	9	12841.0
358	KPI05	9	6140.0
359	KPI06	9	0.47
360	KPI08	9	0.0
361	KPI09	9	8191.0
362	KPI10	9	0.82
363	KPI11	9	8.0
364	KPI12	9	0.9968058828172068
365	KPI13	9	0.5462281727827663
366	KPI15	9	0.34210526315789475
367	KPI16	9	0.47
368	KPI17	9	3701.0
369	KPI18	9	22638.0
370	KPI19	9	0.67
371	KPI20	9	0.86
372	KPI21	9	0.7693478517469311
373	KPI22	9	0.20454545454545456
374	KPI25	9	6993.569971999999
375	KPI26	9	407.0
376	KPI27	9	
377	KPI28	9	0.9268564159643823
378	KPI29	9	110.0
379	KPI30	9	792.0
380	KPI31	9	6034.0
381	KPI32	9	0.954412811927092
382	KPI33	9	0.9009375
383	KPI34	9	1.0
384	KPI35	9	285.0
385	KPI36	9	169.0
386	KPI37	9	1.0
387	KPI38	9	0.14656771799628943
388	KPI39	9	0.9910863057414782
389	KPI40	9	1.0
390	KPI41	9	1.0
391	KPI42	9	1.0
392	KPI43	9	1.0
393	KPI44	9	52.0
394	KPI45	9	0.9557595400374864
395	KPI46	9	193.0
396	KPI01	10	0.9848484848484849
397	KPI02	10	1.0
398	KPI03	10	0.9333333333333333
399	KPI47	10	0.875
400	KPI48	10	15767.0
401	KPI04	10	25238.0
402	KPI05	10	11446.0
403	KPI06	10	0.71
404	KPI08	10	0.0
405	KPI09	10	9787.0
406	KPI10	10	0.93
407	KPI11	10	17.0
408	KPI12	10	0.9982704183968861
409	KPI13	10	0.3579364549394395
410	KPI15	10	0.0
411	KPI16	10	0.61
412	KPI17	10	3231.0
413	KPI18	10	22054.0
414	KPI19	10	0.82
415	KPI20	10	0.63
416	KPI21	10	0.9298762035376859
417	KPI22	10	0.5104166666666666
418	KPI25	10	7498.0
419	KPI26	10	1625.0
420	KPI27	10	
421	KPI28	10	0.9752269220020171
422	KPI29	10	376.0
423	KPI30	10	214.0
424	KPI31	10	6034.0
425	KPI32	10	0.9624711180270665
426	KPI33	10	0.71625
427	KPI34	10	1.0
428	KPI35	10	182.0
429	KPI36	10	167.0
430	KPI37	10	0.975609756097561
431	KPI38	10	0.061389337641357025
432	KPI39	10	0.9925911355887752
433	KPI40	10	0.9523809523809524
434	KPI41	10	1.0
435	KPI42	10	0.7541205188726825
436	KPI43	10	1.0
437	KPI44	10	53.0
438	KPI45	10	0.9605617269216296
439	KPI46	10	104.0
440	KPI01	11	0.9666666666666667
441	KPI02	11	0.9142857142857143
442	KPI03	11	0.9523809523809523
443	KPI47	11	0.875
444	KPI48	11	20620.0
445	KPI04	11	41771.0
446	KPI05	11	5904.0
447	KPI06	11	0.94
448	KPI08	11	0.029411764705882353
449	KPI09	11	10077.0
450	KPI10	11	0.85
451	KPI11	11	15.0
452	KPI12	11	0.9965934742643917
453	KPI13	11	0.10766178310334044
454	KPI15	11	0.43243243243243246
455	KPI16	11	0.85
456	KPI17	11	3108.0
457	KPI18	11	23593.0
458	KPI19	11	0.65
459	KPI20	11	0.86
460	KPI21	11	0.9372417783207208
461	KPI22	11	0.8333333333333334
462	KPI25	11	6553.0
463	KPI26	11	724.0
464	KPI27	11	1.0
465	KPI28	11	0.9903272904246259
466	KPI29	11	350.0
467	KPI30	11	178.0
468	KPI31	11	8249.0
469	KPI32	11	0.954412811927092
470	KPI33	11	1.095625
471	KPI34	11	0.0
472	KPI35	11	200.0
473	KPI36	11	170.0
474	KPI37	11	0.9841269841269841
475	KPI38	11	0.03762376237623762
476	KPI39	11	0.9444444444444445
477	KPI40	11	1.0
478	KPI41	11	0.9375929203539822
479	KPI42	11	
480	KPI43	11	0.9479383590170762
481	KPI44	11	59.0
482	KPI45	11	0.9612040191753144
483	KPI46	11	283.0
484	KPI01	12	0.9574468085106383
485	KPI02	12	0.9705882352941176
486	KPI03	12	0.9508196721311475
487	KPI47	12	0.9375
488	KPI48	12	15001.0
489	KPI04	12	31597.0
490	KPI05	12	19882.0
491	KPI06	12	0.87
492	KPI08	12	0.0
493	KPI09	12	7734.0
494	KPI10	12	0.91
495	KPI11	12	8.0
496	KPI12	12	0.9589770265780985
497	KPI13	12	0.1796644881104184
498	KPI15	12	0.3103448275862069
499	KPI16	12	0.67
500	KPI17	12	3085.0
501	KPI18	12	23349.0
502	KPI19	12	0.73
503	KPI20	12	0.67
504	KPI21	12	0.9863614223088164
505	KPI22	12	1.0
506	KPI25	12	7354.0
507	KPI26	12	32.0
508	KPI27	12	0.9973376548211599
509	KPI28	12	0.985058246544648
510	KPI29	12	99.0
511	KPI30	12	294.0
512	KPI31	12	6264.0
513	KPI32	12	0.9624711180270665
514	KPI33	12	1.2125
515	KPI34	12	0.0
516	KPI35	12	215.0
517	KPI36	12	166.0
518	KPI37	12	1.0
519	KPI38	12	0.07692307692307693
520	KPI39	12	0.99
521	KPI40	12	0.86
522	KPI41	12	1.0
523	KPI42	12	1.0
524	KPI43	12	1.0
525	KPI44	12	62.0
526	KPI45	12	0.9094845131206407
527	KPI46	12	236.0
528	KPI01	13	1.0
529	KPI02	13	1.0
530	KPI03	13	0.9861111111111112
531	KPI47	13	1.0
532	KPI48	13	17469.0
533	KPI04	13	44080.0
534	KPI05	13	10452.0
535	KPI06	13	1.44
536	KPI08	13	0.0
537	KPI09	13	9095.0
538	KPI10	13	0.79
539	KPI11	13	9.0
540	KPI12	13	0.995101716237604
541	KPI13	13	0.7919881108766467
542	KPI15	13	0.8571428571428571
543	KPI16	13	0.75
544	KPI17	13	2159.0
545	KPI18	13	23470.0
546	KPI19	13	0.95
547	KPI20	13	0.89
548	KPI21	13	0.972156862745098
549	KPI22	13	0.75
550	KPI25	13	7867.0
551	KPI26	13	3021.0
552	KPI27	13	1.0
553	KPI28	13	0.9858301523876446
554	KPI29	13	132.0
555	KPI30	13	305.0
556	KPI31	13	5500.0
557	KPI32	13	0.9624711180270665
558	KPI33	13	0.4115625
559	KPI34	13	0.0
560	KPI35	13	160.0
561	KPI36	13	124.0
562	KPI37	13	0.9864864864864865
563	KPI38	13	0.0
564	KPI39	13	0.9944444444444445
565	KPI40	13	1.0
566	KPI41	13	1.0
567	KPI42	13	0.9274887940270272
568	KPI43	13	1.0
569	KPI44	13	69.0
570	KPI45	13	0.9755868321569358
571	KPI46	13	191.0
572	KPI01	14	0.9818181818181818
573	KPI02	14	0.9761904761904762
574	KPI03	14	0.9836065573770492
575	KPI47	14	0.9
576	KPI48	14	39846.0
577	KPI04	14	71285.0
578	KPI05	14	12609.0
579	KPI06	14	0.93
580	KPI08	14	0.0
581	KPI09	14	7992.0
582	KPI10	14	0.57
583	KPI11	14	12.0
584	KPI12	14	0.9918349908162281
585	KPI13	14	0.6953677131979674
586	KPI15	14	0.0
587	KPI16	14	1.27
588	KPI17	14	1024.0
589	KPI18	14	23233.0
590	KPI19	14	0.8
591	KPI20	14	0.93
592	KPI21	14	0.9630620245345587
593	KPI22	14	0.5875
594	KPI25	14	6573.0
595	KPI26	14	915.0
596	KPI27	14	1.0
597	KPI28	14	0.9886696871568941
598	KPI29	14	232.0
599	KPI30	14	305.0
600	KPI31	14	5636.0
601	KPI32	14	0.97
602	KPI33	14	0.655
603	KPI34	14	0.0
604	KPI35	14	125.0
605	KPI36	14	128.0
606	KPI37	14	1.0
607	KPI38	14	0.12790697674418605
608	KPI39	14	0.9935064935064934
609	KPI40	14	0.8333333333333333
610	KPI41	14	1.0
611	KPI42	14	0.9417867687361531
612	KPI43	14	1.0
613	KPI44	14	71.0
614	KPI45	14	0.950179153779742
615	KPI46	14	439.0
616	KPI01	15	0.9591836734693877
617	KPI02	15	0.9767441860465116
618	KPI03	15	0.9811320754716981
619	KPI47	15	0.5882352941176471
620	KPI48	15	17792.0
621	KPI04	15	99706.0
622	KPI05	15	27647.0
623	KPI06	15	1.13
624	KPI08	15	0.0
625	KPI09	15	6930.0
626	KPI10	15	0.92
627	KPI11	15	5.0
628	KPI12	15	0.9861448711716091
629	KPI13	15	0.7612162162162163
630	KPI15	15	0.0
631	KPI16	15	0.73
632	KPI17	15	2053.0
633	KPI18	15	18772.0
634	KPI19	15	0.91
635	KPI20	15	1.08
636	KPI21	15	0.9728537449114778
637	KPI22	15	0.95
638	KPI25	15	1846.0
639	KPI26	15	1.0
640	KPI27	15	1.0
641	KPI28	15	0.9873312760747767
642	KPI29	15	171.0
643	KPI30	15	409.0
644	KPI31	15	5636.0
645	KPI32	15	0.9624711180270665
646	KPI33	15	0.5475
647	KPI34	15	1.0
648	KPI35	15	193.0
649	KPI36	15	143.0
650	KPI37	15	0.9863013698630136
651	KPI38	15	0.24592592592592594
652	KPI39	15	0.9833333333333334
653	KPI40	15	0.876360544217687
654	KPI41	15	1.0
655	KPI42	15	0.6084529366798627
656	KPI43	15	1.0
657	KPI44	15	77.0
658	KPI45	15	0.9185328140179408
659	KPI46	15	254.0
660	KPI01	16	0.9736842105263158
661	KPI02	16	1.0
662	KPI03	16	1.0
663	KPI47	16	0.9444444444444444
664	KPI48	16	13471.0
665	KPI04	16	109101.0
666	KPI05	16	23156.0
667	KPI06	16	1.07
668	KPI08	16	0.0
669	KPI09	16	6155.0
670	KPI10	16	0.66
671	KPI11	16	6.0
672	KPI12	16	0.9998375304630381
673	KPI13	16	0.9462138446538837
674	KPI15	16	0.8076923076923077
675	KPI16	16	1.34
676	KPI17	16	4644.0
677	KPI18	16	17890.0
678	KPI19	16	0.9
679	KPI20	16	0.99
680	KPI21	16	0.7758341267149844
681	KPI22	16	0.1875
682	KPI25	16	5548.0
683	KPI26	16	283.0
684	KPI27	16	1.0
685	KPI28	16	0.9918731604434348
686	KPI29	16	573.0
687	KPI30	16	505.0
689	KPI32	16	0.95
690	KPI33	16	0.7715625
691	KPI34	16	0.0
692	KPI35	16	238.0
693	KPI36	16	95.0
694	KPI37	16	0.9824561403508771
695	KPI38	16	0.21205007824726135
696	KPI39	16	0.9973333333333333
697	KPI40	16	0.85
698	KPI41	16	1.0
699	KPI42	16	0.7483787049484668
700	KPI43	16	1.0
701	KPI44	16	82.0
702	KPI45	16	0.9596576678488453
703	KPI46	16	203.0
704	KPI01	17	0.9787234042553191
705	KPI02	17	1.0
706	KPI03	17	0.9622641509433962
707	KPI47	17	0.9
708	KPI48	17	34853.0
709	KPI04	17	135443.0
710	KPI05	17	24509.0
711	KPI06	17	0.0
712	KPI08	17	0.038280725319006045
713	KPI09	17	8742.0
714	KPI10	17	0.0
715	KPI11	17	5.0
716	KPI12	17	0.9964964964964965
717	KPI13	17	0.8009794073329984
718	KPI15	17	0.8285714285714286
719	KPI16	17	0.0
720	KPI17	17	4117.0
721	KPI18	17	17760.0
722	KPI19	17	0.0
723	KPI20	17	0.0
724	KPI21	17	0.9429562294820016
725	KPI22	17	1.0
726	KPI25	17	7727.0
727	KPI26	17	1389.0
728	KPI27	17	1.0
729	KPI28	17	0.9933251114002404
730	KPI29	17	231.0
731	KPI30	17	505.0
733	KPI32	17	0.9807339003922936
734	KPI33	17	1.6503125
735	KPI34	17	0.0
736	KPI35	17	182.0
737	KPI36	17	134.0
738	KPI37	17	0.9629629629629629
739	KPI38	17	0.35661764705882354
740	KPI39	17	0.990751879699248
741	KPI40	17	1.0
742	KPI41	17	1.0
743	KPI42	17	0.719272528594143
744	KPI43	17	1.0
745	KPI44	17	80.0
746	KPI45	17	0.9504814597787723
747	KPI46	17	160.0
748	KPI01	18	0.9714285714285714
749	KPI02	18	0.9
750	KPI03	18	0.9318181818181818
751	KPI47	18	1.0
752	KPI48	18	13191.0
753	KPI04	18	75866.0
754	KPI05	18	24729.0
755	KPI06	18	0.0
756	KPI08	18	0.0
757	KPI09	18	5293.0
758	KPI10	18	0.0
759	KPI11	18	4.0
760	KPI12	18	0.9981575310916628
761	KPI13	18	0.9838486386709737
762	KPI15	18	0.0
763	KPI16	18	0.0
764	KPI17	18	0.0
765	KPI18	18	16929.0
766	KPI19	18	0.0
767	KPI20	18	0.0
768	KPI21	18	0.9852051109616677
769	KPI22	18	1.0
770	KPI25	18	4920.0
771	KPI26	18	1745.0
772	KPI27	18	1.0
773	KPI28	18	0.9985274477754744
774	KPI29	18	295.0
775	KPI30	18	591.0
777	KPI32	18	0.9583641638185171
778	KPI33	18	1.9025
779	KPI34	18	0.0
780	KPI35	18	
781	KPI36	18	
782	KPI37	18	
783	KPI38	18	0.09386973180076628
784	KPI39	18	0.9912280701754387
785	KPI40	18	0.9333333333333332
786	KPI41	18	1.0
787	KPI42	18	0.43258080104014934
788	KPI43	18	1.0
789	KPI44	18	81.0
790	KPI45	18	0.9917294115701643
791	KPI46	18	145.0
792	KPI01	19	0.9302325581395349
793	KPI02	19	0.9565217391304348
794	KPI03	19	0.9642857142857143
795	KPI47	19	0.9090909090909091
796	KPI48	19	9032.0
797	KPI04	19	84876.0
798	KPI05	19	25414.0
799	KPI06	19	0.0
800	KPI08	19	0.0
801	KPI09	19	6431.0
802	KPI10	19	0.0
803	KPI11	19	4.0
804	KPI12	19	0.9955822583495317
805	KPI13	19	0.7374866879659212
806	KPI15	19	0.0
807	KPI16	19	0.0
808	KPI17	19	0.0
809	KPI18	19	16354.0
810	KPI19	19	0.0
811	KPI20	19	0.0
812	KPI21	19	0.9891145483911065
813	KPI22	19	1.0
814	KPI25	19	5636.0
815	KPI26	19	4189.0
816	KPI27	19	1.0
817	KPI28	19	0.9769668183917145
818	KPI29	19	319.0
819	KPI30	19	619.0
821	KPI32	19	0.9764249423747632
822	KPI33	19	1.425625
823	KPI34	19	0.0
824	KPI35	19	
825	KPI36	19	
826	KPI37	19	
827	KPI38	19	0.26475849731663686
828	KPI39	19	0.9832287933094385
829	KPI40	19	1.0
830	KPI41	19	1.0
831	KPI42	19	0.5793268822680588
832	KPI43	19	1.0
833	KPI44	19	86.0
834	KPI45	19	0.9346396082305325
835	KPI46	19	
836	KPI01	20	1.0
837	KPI02	20	0.972972972972973
838	KPI03	20	0.9722222222222222
839	KPI47	20	0.9
840	KPI48	20	4042.0
841	KPI04	20	84631.0
842	KPI05	20	17970.0
843	KPI06	20	
844	KPI08	20	0.0
845	KPI09	20	4987.0
846	KPI10	20	
847	KPI11	20	13.0
848	KPI12	20	0.9964379452568429
849	KPI13	20	0.8551269990592663
850	KPI15	20	0.0
851	KPI16	20	
852	KPI17	20	2134.0
853	KPI18	20	18151.0
854	KPI19	20	
855	KPI20	20	
856	KPI21	20	0.7993856578453019
857	KPI22	20	1.0
858	KPI25	20	4642.0
859	KPI26	20	2385.0
860	KPI27	20	1.0
861	KPI28	20	0.9879624393620879
862	KPI29	20	23.0
863	KPI30	20	634.0
864	KPI31	20	4113.0
865	KPI32	20	0.957209633746615
866	KPI33	20	1.595
867	KPI34	20	0.0
868	KPI35	20	133.0
869	KPI36	20	124.0
870	KPI37	20	0.9846153846153847
871	KPI38	20	0.5118294261469869
872	KPI39	20	0.9988425925925926
873	KPI40	20	0.9629629629629629
874	KPI41	20	1.0
875	KPI42	20	1.0
876	KPI43	20	1.0
877	KPI44	20	89.0
878	KPI45	20	0.9464622385603672
879	KPI46	20	159.0
880	KPI01	21	0.9473684210526315
881	KPI02	21	0.9354838709677419
882	KPI03	21	0.9722222222222222
883	KPI47	21	0.9285714285714286
884	KPI48	21	8315.0
885	KPI04	21	90605.0
886	KPI05	21	23.0
887	KPI06	21	
888	KPI08	21	0.0
889	KPI09	21	5885.0
890	KPI10	21	
891	KPI11	21	5.0
892	KPI12	21	0.9969507030323564
893	KPI13	21	0.9114698385726423
894	KPI15	21	0.0
895	KPI16	21	
896	KPI17	21	0.0
897	KPI18	21	16732.0
898	KPI19	21	
899	KPI20	21	
900	KPI21	21	0.8466579733261285
901	KPI22	21	1.0
902	KPI25	21	5854.0
903	KPI26	21	226.0
904	KPI27	21	1.0
905	KPI28	21	0.9880128962594735
906	KPI29	21	161.0
907	KPI30	21	651.0
908	KPI31	21	4837.0
909	KPI32	21	0.937154737154737
910	KPI33	21	2.5553125
911	KPI34	21	0.0
912	KPI35	21	
913	KPI36	21	
914	KPI37	21	
915	KPI38	21	0.3154848046309696
916	KPI39	21	1.0
917	KPI40	21	1.0
918	KPI41	21	1.0
919	KPI42	21	1.0
920	KPI43	21	1.0
921	KPI44	21	96.0
922	KPI45	21	0.9752021432394397
923	KPI46	21	151.0
924	KPI01	22	1.0
925	KPI02	22	0.9354838709677419
926	KPI03	22	0.9655172413793104
927	KPI47	22	0.8
928	KPI48	22	257.0
929	KPI04	22	86900.0
930	KPI05	22	82.0
931	KPI06	22	
932	KPI08	22	0.0
933	KPI09	22	4402.0
934	KPI10	22	
935	KPI11	22	19.0
936	KPI12	22	0.9946642952423299
937	KPI13	22	0.6327670987930264
938	KPI15	22	0.6666666666666666
939	KPI16	22	
940	KPI17	22	2686.0
941	KPI18	22	16977.0
942	KPI19	22	
943	KPI20	22	
944	KPI21	22	0.8812924726111657
945	KPI22	22	0.6918067226890756
946	KPI25	22	5199.0
947	KPI26	22	6667.0
948	KPI27	22	1.0
949	KPI28	22	0.9862897499252957
950	KPI29	22	0.0
951	KPI30	22	766.0
952	KPI31	22	4.0
953	KPI32	22	0.975574027079186
954	KPI33	22	0.0215625
955	KPI34	22	0.0
956	KPI35	22	47.0
957	KPI36	22	86.0
958	KPI37	22	0.9807692307692307
959	KPI38	22	0.16902313624678664
960	KPI39	22	0.9735863095238094
961	KPI40	22	1.0
962	KPI41	22	1.0
963	KPI42	22	1.0
964	KPI43	22	1.0
965	KPI44	22	100.0
966	KPI45	22	0.8299267573411511
967	KPI46	22	10.0
968	KPI01	23	1.0
969	KPI02	23	1.0
970	KPI03	23	1.0
971	KPI47	23	0.8888888888888888
972	KPI48	23	0.0
974	KPI05	23	0.0
975	KPI06	23	
976	KPI08	23	0.0
977	KPI09	23	4809.0
978	KPI10	23	
979	KPI11	23	1.0
980	KPI12	23	0.9941908713692946
981	KPI13	23	0.9284223706176962
982	KPI15	23	0.0
983	KPI16	23	
984	KPI17	23	0.0
985	KPI18	23	17112.0
986	KPI19	23	
987	KPI20	23	
988	KPI21	23	0.0
989	KPI22	23	0.0
990	KPI25	23	4804.0
991	KPI26	23	0.0
992	KPI27	23	1.0
993	KPI28	23	0.9862897499252957
994	KPI29	23	11.0
995	KPI30	23	586.0
996	KPI31	23	4.0
997	KPI32	23	0.983771379463883
998	KPI33	23	0.0378125
999	KPI34	23	0.0
1000	KPI35	23	44.0
1001	KPI36	23	54.0
1002	KPI37	23	0.9459459459459459
1003	KPI38	23	0.39558573853989815
1004	KPI39	23	0.9707347283672644
1005	KPI40	23	1.0
1006	KPI41	23	1.0
1007	KPI42	23	1.0
1008	KPI43	23	1.0
1009	KPI44	23	100.0
1010	KPI45	23	0.9805809592568164
1011	KPI46	23	8.0
1012	KPI01	24	0.976190476
1013	KPI02	24	1.0
1014	KPI03	24	1.0
1015	KPI47	24	1.0
1016	KPI48	24	428.0
1017	KPI04	24	17926.0
1018	KPI05	24	0.0
1019	KPI06	24	
1020	KPI08	24	0.0
1021	KPI09	24	6628.0
1022	KPI10	24	
1023	KPI11	24	1.0
1024	KPI12	24	0.980908687
1025	KPI13	24	0.693874472
1026	KPI15	24	0.0
1027	KPI16	24	
1028	KPI17	24	0.0
1029	KPI18	24	16501.0
1030	KPI19	24	
1031	KPI20	24	
1032	KPI21	24	0.0
1033	KPI22	24	0.0
1034	KPI25	24	5684.0
1035	KPI26	24	0.0
1036	KPI27	24	1.0
1037	KPI28	24	0.9862897499252957
1038	KPI29	24	1.0
1039	KPI30	24	0.0
1040	KPI31	24	4.0
1041	KPI32	24	0.983150808177954
1042	KPI33	24	0.290625
1043	KPI34	24	1.0
1044	KPI35	24	54.0
1045	KPI36	24	46.0
1046	KPI37	24	0.9743589743589743
1047	KPI38	24	0.18702290076335878
1048	KPI39	24	0.9631944444444445
1049	KPI40	24	1.0
1050	KPI41	24	1.0
1051	KPI42	24	1.0
1052	KPI43	24	1.0
1053	KPI44	24	98.0
1054	KPI45	24	0.9833089362741165
1055	KPI46	24	44.0
1056	KPI01	25	0.9777777777777777
1057	KPI02	25	0.9642857142857143
1058	KPI03	25	0.9636363636363636
1059	KPI47	25	1.0
1060	KPI48	25	8063.0
1061	KPI04	25	9226.0
1062	KPI05	25	795.0
1063	KPI06	25	
1064	KPI08	25	0.0
1065	KPI09	25	1288.0
1066	KPI10	25	
1067	KPI11	25	24.0
1068	KPI12	25	0.9993792675356921
1069	KPI13	25	0.8111801242236025
1070	KPI15	25	0.0
1071	KPI16	25	
1072	KPI17	25	18838.0
1073	KPI18	25	16501.0
1074	KPI19	25	
1075	KPI20	25	
1076	KPI21	25	0.9863921489275597
1077	KPI22	25	1.0
1078	KPI25	25	5723.0
1079	KPI26	25	672.0
1080	KPI27	25	1.0
1081	KPI28	25	0.9924749459397803
1082	KPI29	25	254.0
1083	KPI30	25	0.0
1084	KPI31	25	248.0
1085	KPI32	25	0.97486175683566
1086	KPI33	25	0.7890625
1087	KPI34	25	0.0
1088	KPI35	25	
1089	KPI36	25	0.9845455234634118
1090	KPI37	25	
1091	KPI38	25	0.1174934725848564
1092	KPI39	25	1.0
1093	KPI40	25	1.0
1094	KPI41	25	1.0
1095	KPI42	25	0.7805280927837318
1096	KPI43	25	1.0
1097	KPI44	25	104.0
1098	KPI45	25	0.9486344942214516
1099	KPI46	25	61.0
1100	KPI01	26	1.0
1101	KPI02	26	0.947368421
1102	KPI03	26	0.982758621
1103	KPI47	26	0.98
1104	KPI48	26	16245.0
1105	KPI04	26	38265.0
1106	KPI05	26	1072.0
1107	KPI06	26	0.98
1108	KPI08	26	0.0
1109	KPI09	26	6025.0
1110	KPI10	26	0.93
1111	KPI11	26	1.0
1112	KPI12	26	0.994552658
1113	KPI13	26	0.902572614
1114	KPI15	26	1.0
1115	KPI16	26	0.87
1116	KPI17	26	8229.0
1117	KPI18	26	22119.0
1118	KPI19	26	0.97
1119	KPI20	26	0.91
1120	KPI21	26	0.925133199
1121	KPI22	26	0.965517241
1122	KPI25	26	4281.0
1123	KPI26	26	32.0
1124	KPI27	26	1.0
1125	KPI28	26	0.9924749459397803
1126	KPI29	26	468.0
1127	KPI30	26	3.0
1128	KPI31	26	469.0
1129	KPI32	26	0.967940712501643
1130	KPI33	26	0.889375
1131	KPI34	26	0.0
1132	KPI35	26	
1133	KPI36	26	
1134	KPI37	26	
1135	KPI38	26	0.1845841784989858
1136	KPI39	26	0.9990310077519379
1137	KPI40	26	1.0
1138	KPI41	26	1.0
1139	KPI42	26	0.845061132922317
1140	KPI43	26	1.0
1141	KPI44	26	112.0
1142	KPI45	26	0.9825466850836758
1143	KPI46	26	43.0
1144	KPI01	27	1.0
1145	KPI02	27	1.0
1146	KPI03	27	0.94
1147	KPI47	27	0.92
1148	KPI48	27	5380.0
1149	KPI04	27	23063.0
1150	KPI05	27	1598.0
1151	KPI06	27	0.88
1152	KPI08	27	0.0
1153	KPI09	27	4650.0
1154	KPI10	27	1.33
1155	KPI11	27	1.0
1156	KPI12	27	0.99
1157	KPI13	27	0.99
1158	KPI15	27	0.333333333333333
1159	KPI16	27	0.83
1160	KPI17	27	4487.0
1161	KPI18	27	22168.0
1162	KPI19	27	0.63
1163	KPI20	27	0.0
1164	KPI21	27	0.9732905982905983
1165	KPI22	27	0.98
1166	KPI25	27	4914.0
1167	KPI26	27	581.0
1168	KPI27	27	1.0
1169	KPI28	27	1.0
1170	KPI29	27	206.0
1171	KPI30	27	
1172	KPI31	27	514.0
1173	KPI32	27	0.967950963222417
1174	KPI33	27	0.3465625
1175	KPI34	27	0.0
1176	KPI35	27	
1177	KPI36	27	
1178	KPI37	27	1.0
1179	KPI38	27	
1180	KPI39	27	0.9597222222222223
1181	KPI40	27	1.0
1182	KPI41	27	1.0
1183	KPI42	27	1.0
1184	KPI43	27	1.0
1185	KPI44	27	112.0
1186	KPI45	27	0.9916144043490327
1187	KPI46	27	42.0
1188	KPI01	28	1.0
1189	KPI02	28	1.0
1190	KPI03	28	1.0
1191	KPI47	28	0.9
1192	KPI48	28	12012.0
1193	KPI04	28	17563.0
1194	KPI05	28	3491.0
1195	KPI06	28	0.67
1196	KPI08	28	0.49206349206349204
1197	KPI09	28	1488.0
1198	KPI10	28	1.67
1199	KPI11	28	2.0
1200	KPI12	28	0.9892183288409704
1201	KPI13	28	0.87
1202	KPI15	28	0.5416666666666666
1203	KPI16	28	0.71
1204	KPI17	28	6095.0
1205	KPI18	28	22169.0
1206	KPI19	28	0.94
1207	KPI20	28	1.04
1208	KPI21	28	0.9630252100840336
1209	KPI22	28	1.0
1210	KPI25	28	4964.0
1211	KPI26	28	1166.0
1212	KPI27	28	1.0
1213	KPI28	28	0.9825323357849354
1214	KPI29	28	302.0
1215	KPI30	28	5.0
1216	KPI31	28	1338.0
1217	KPI32	28	0.973565668365961
1218	KPI33	28	0.1115625
1219	KPI34	28	0.0
1220	KPI35	28	13.0
1221	KPI36	28	33.0
1222	KPI37	28	0.975
1223	KPI38	28	
1224	KPI39	28	1.0
1225	KPI40	28	1.0
1226	KPI41	28	1.0
1227	KPI42	28	1.0
1228	KPI43	28	1.0
1229	KPI44	28	61.0
1230	KPI45	28	0.9916144043490327
1231	KPI46	28	45.0
1232	KPI01	29	1.0
1233	KPI02	29	1.0
1234	KPI03	29	1.0
1235	KPI47	29	0.875
1236	KPI48	29	9755.0
1237	KPI04	29	23131.0
1238	KPI05	29	578.0
1239	KPI06	29	
1240	KPI08	29	0.0
1241	KPI09	29	1617.0
1242	KPI10	29	
1243	KPI11	29	3.0
1244	KPI12	29	0.9943373625176958
1245	KPI13	29	0.9968240061329536
1246	KPI15	29	1.0
1247	KPI16	29	
1248	KPI17	29	595.0
1249	KPI18	29	18299.0
1250	KPI19	29	
1251	KPI20	29	
1252	KPI21	29	0.969147582697201
1253	KPI22	29	1.0
1254	KPI25	29	9184.0
1255	KPI26	29	106.0
1256	KPI27	29	1.0
1257	KPI28	29	0.995851483747189
1258	KPI29	29	259.0
1259	KPI30	29	-1.0
1260	KPI31	29	693.0
1261	KPI32	29	0.983744576340565
1262	KPI33	29	0.6603125
1263	KPI34	29	0.0
1264	KPI35	29	11.0
1265	KPI36	29	32.0
1266	KPI37	29	0.9736842105263158
1267	KPI38	29	
1268	KPI39	29	1.0
1269	KPI40	29	1.0
1270	KPI41	29	1.0
1271	KPI42	29	1.0
1272	KPI43	29	1.0
1273	KPI44	29	116.0
1274	KPI45	29	0.9561135273307616
1275	KPI46	29	29.0
1276	KPI01	30	1.0
1277	KPI02	30	1.0
1278	KPI03	30	0.9848
1279	KPI47	30	0.975609756097561
1280	KPI48	30	142.0
1281	KPI04	30	18521.0
1282	KPI05	30	1930.0
1283	KPI06	30	
1284	KPI08	30	0.52
1285	KPI09	30	7792.0
1286	KPI10	30	
1287	KPI11	30	1.0
1288	KPI12	30	0.996801842
1289	KPI13	30	1.0
1290	KPI15	30	0.375
1291	KPI16	30	
1292	KPI17	30	5438.0
1293	KPI18	30	18454.0
1294	KPI19	30	
1295	KPI20	30	
1296	KPI21	30	0.955448091
1297	KPI22	30	0.914893617
1298	KPI25	30	8045.0
1299	KPI26	30	12.0
1300	KPI27	30	1.0
1301	KPI28	30	0.9962407613217459
1302	KPI29	30	252.0
1303	KPI30	30	5.0
1304	KPI31	30	761.0
1305	KPI32	30	0.985264340152427
1306	KPI33	30	0.47375
1307	KPI34	30	0.0
1308	KPI35	30	9.0
1309	KPI36	30	36.0
1310	KPI37	30	0.9315068493150684
1311	KPI38	30	
1312	KPI39	30	1.0
1313	KPI40	30	1.0
1314	KPI41	30	1.0
1315	KPI42	30	1.0
1316	KPI43	30	1.0
1317	KPI44	30	106.0
1318	KPI45	30	0.9670005865371191
1319	KPI46	30	41.0
1320	KPI01	31	1.0
1321	KPI02	31	0.9803921568627451
1322	KPI03	31	0.9811320754716981
1323	KPI47	31	0.8421052631578947
1324	KPI48	31	405.0
1325	KPI04	31	19800.0
1326	KPI05	31	6698.0
1327	KPI06	31	
1328	KPI08	31	0.0
1329	KPI09	31	7214.0
1330	KPI10	31	
1331	KPI11	31	3.0
1332	KPI12	31	0.9864624641050185
1333	KPI13	31	0.9976434710285556
1334	KPI15	31	0.6
1335	KPI16	31	
1336	KPI17	31	15900.0
1337	KPI18	31	17629.0
1338	KPI19	31	
1339	KPI20	31	
1340	KPI21	31	0.9235051176153708
1341	KPI22	31	0.9565217391304348
1342	KPI25	31	6865.0
1343	KPI26	31	503.0
1344	KPI27	31	1.0
1345	KPI28	31	0.9969426331413493
1346	KPI29	31	253.0
1347	KPI30	31	35.0
1348	KPI31	31	872.0
1349	KPI32	31	0.948678296690642
1350	KPI33	31	0.95375
1351	KPI34	31	0.0
1352	KPI35	31	7.0
1353	KPI36	31	37.0
1354	KPI37	31	0.9594594594594594
1355	KPI38	31	
1356	KPI39	31	1.0
1357	KPI40	31	0.9833333333333334
1358	KPI41	31	1.0
1359	KPI42	31	0.9673533083645444
1360	KPI43	31	1.0
1361	KPI44	31	107.0
1362	KPI45	31	0.912219938722099
1363	KPI46	31	35.0
1364	KPI01	32	1.0
1365	KPI02	32	1.0
1366	KPI03	32	0.969230769
1367	KPI47	32	0.866666667
1368	KPI48	32	1452.0
1369	KPI04	32	18740.0
1370	KPI05	32	196.0
1371	KPI06	32	
1372	KPI08	32	0.7142857142857143
1373	KPI09	32	8884.0
1374	KPI10	32	
1375	KPI11	32	1.0
1376	KPI12	32	0.996410947
1377	KPI13	32	0.771274201
1378	KPI15	32	0.4230769230769231
1379	KPI16	32	
1380	KPI17	32	2625.0
1381	KPI18	32	17433.0
1382	KPI19	32	
1383	KPI20	32	
1384	KPI21	32	0.884565499
1385	KPI22	32	0.7777777777777778
1386	KPI25	32	7118.0
1387	KPI26	32	676.0
1388	KPI27	32	1.0
1389	KPI28	32	0.9969426331413493
1390	KPI29	32	8.0
1391	KPI30	32	35.0
1392	KPI31	32	933.0
1393	KPI32	32	0.981188707691882
1394	KPI33	32	1.5171875
1395	KPI34	32	0.0
1396	KPI35	32	8.0
1397	KPI36	32	48.0
1398	KPI37	32	0.9655172413793104
1399	KPI38	32	
1400	KPI39	32	0.9629629629629629
1401	KPI40	32	0.9583333333333334
1402	KPI41	32	1.0
1403	KPI42	32	0.6678558949785365
1404	KPI43	32	1.0
1405	KPI44	32	114.0
1406	KPI45	32	0.9559685840649406
1407	KPI46	32	156.0
1408	KPI01	33	1.0
1409	KPI02	33	0.98
1410	KPI03	33	1.0
1411	KPI47	33	0.833333333
1412	KPI48	33	3289.0
1413	KPI04	33	21186.0
1414	KPI05	33	220.0
1415	KPI06	33	
1416	KPI08	33	0.5339805825242718
1417	KPI09	33	9898.0
1418	KPI10	33	
1419	KPI11	33	1.0
1420	KPI12	33	0.993675334
1421	KPI13	33	0.88139018
1422	KPI15	33	0.8
1423	KPI16	33	
1424	KPI17	33	3981.0
1425	KPI18	33	15287.0
1426	KPI19	33	
1427	KPI20	33	
1428	KPI21	33	0.96
1429	KPI22	33	0.9375
1430	KPI25	33	10185.0
1431	KPI26	33	38.0
1432	KPI27	33	1.0
1433	KPI28	33	0.9969426331413493
1434	KPI29	33	93.0
1435	KPI30	33	35.0
1436	KPI31	33	1129.0
1437	KPI32	33	0.980725276964959
1438	KPI33	33	1.87875
1439	KPI34	33	0.0
1440	KPI35	33	20.0
1441	KPI36	33	30.0
1442	KPI37	33	1.0
1443	KPI38	33	
1444	KPI39	33	1.0
1445	KPI40	33	0.921875
1446	KPI41	33	1.0
1447	KPI42	33	0.48006134969325154
1448	KPI43	33	1.0
1449	KPI44	33	116.0
1450	KPI45	33	0.9902840045982803
1451	KPI46	33	86.0
1452	KPI01	34	0.97
1453	KPI02	34	0.97
1454	KPI03	34	1.0
1455	KPI47	34	0.81
1456	KPI48	34	10638.0
1457	KPI04	34	28688.0
1458	KPI05	34	5941.0
1459	KPI06	34	
1460	KPI08	34	0.0
1461	KPI09	34	10731.0
1462	KPI10	34	
1463	KPI11	34	2.0
1464	KPI12	34	0.993335185
1465	KPI13	34	0.452427546
1466	KPI15	34	0.25
1467	KPI16	34	
1468	KPI17	34	3825.0
1469	KPI18	34	14829.0
1470	KPI19	34	
1471	KPI20	34	
1472	KPI21	34	0.969238001
1473	KPI22	34	1.0
1474	KPI25	34	8478.0
1475	KPI26	34	6917.0
1476	KPI27	34	1.0
1477	KPI28	34	0.9959701710220102
1478	KPI29	34	167.0
1479	KPI30	34	5.0
1480	KPI31	34	1282.0
1481	KPI32	34	0.96758005871806
1482	KPI33	34	2.0
1483	KPI34	34	0.0
1484	KPI35	34	
1485	KPI36	34	
1486	KPI37	34	
1487	KPI38	34	
1488	KPI39	34	1.0
1489	KPI40	34	0.9545454545454546
1490	KPI41	34	1.0
1491	KPI42	34	0.95
1492	KPI43	34	1.0
1493	KPI44	34	118.0
1494	KPI45	34	0.9909747399460663
1495	KPI46	34	92.0
1496	KPI01	35	0.964912281
1497	KPI02	35	1.0
1498	KPI03	35	0.987179487
1499	KPI47	35	1.0
1500	KPI48	35	23137.0
1501	KPI04	35	51574.0
1502	KPI05	35	1994.0
1503	KPI06	35	
1504	KPI08	35	0.02976190476190476
1505	KPI09	35	10848.0
1506	KPI10	35	
1507	KPI11	35	0.0
1508	KPI12	35	0.987438558
1509	KPI13	35	0.672935103
1510	KPI15	35	0.8823529411764706
1511	KPI16	35	
1512	KPI17	35	3738.0
1513	KPI18	35	11119.0
1514	KPI19	35	
1515	KPI20	35	
1516	KPI21	35	0.980743982
1517	KPI22	35	0.888888889
1518	KPI25	35	12684.0
1519	KPI26	35	2345.0
1520	KPI27	35	1.0
1521	KPI28	35	0.9962185017325405
1522	KPI29	35	56.0
1523	KPI30	35	7.0
1524	KPI31	35	572.0
1525	KPI32	35	0.983017395018632
1526	KPI33	35	1.8078125
1527	KPI34	35	0.0
1528	KPI35	35	30.0
1529	KPI36	35	11.0
1530	KPI37	35	0.978723404
1531	KPI38	35	
1532	KPI39	35	1.0
1533	KPI40	35	1.0
1534	KPI41	35	1.0
1535	KPI42	35	0.89937106918239
1536	KPI43	35	1.0
1537	KPI44	35	119.0
1538	KPI45	35	0.7879810309770949
1539	KPI46	35	39.0
1540	KPI01	36	
1541	KPI02	36	
1542	KPI03	36	
1543	KPI47	36	
1544	KPI48	36	
1545	KPI04	36	
1546	KPI05	36	
1547	KPI06	36	
1548	KPI08	36	
1549	KPI09	36	
1550	KPI10	36	
1551	KPI11	36	
1552	KPI12	36	
1553	KPI13	36	
1554	KPI15	36	
1555	KPI16	36	
1556	KPI17	36	
1557	KPI18	36	
1558	KPI19	36	
1559	KPI20	36	
1560	KPI21	36	
1561	KPI22	36	
1562	KPI25	36	
1563	KPI26	36	
1564	KPI27	36	
1565	KPI28	36	
1566	KPI29	36	
1567	KPI30	36	
1568	KPI31	36	
1569	KPI32	36	
1570	KPI33	36	
1571	KPI34	36	
1572	KPI35	36	
1573	KPI36	36	
1574	KPI37	36	
1575	KPI38	36	
1576	KPI39	36	
1577	KPI40	36	
1578	KPI41	36	
1579	KPI42	36	
1580	KPI43	36	
1581	KPI44	36	
1582	KPI45	36	
1583	KPI46	36	
1584	KPI01	37	
1585	KPI02	37	
1586	KPI03	37	
1587	KPI47	37	
1588	KPI48	37	
1589	KPI04	37	
1590	KPI05	37	
1591	KPI06	37	
1592	KPI08	37	
1593	KPI09	37	
1594	KPI10	37	
1595	KPI11	37	
1596	KPI12	37	
1597	KPI13	37	
1598	KPI15	37	
1599	KPI16	37	
1600	KPI17	37	
1601	KPI18	37	
1602	KPI19	37	
1603	KPI20	37	
1604	KPI21	37	
1605	KPI22	37	
1606	KPI25	37	
1607	KPI26	37	
1608	KPI27	37	
1609	KPI28	37	
1610	KPI29	37	
1611	KPI30	37	
1612	KPI31	37	
1613	KPI32	37	
1614	KPI33	37	
1615	KPI34	37	
1616	KPI35	37	
1617	KPI36	37	
1618	KPI37	37	
1619	KPI38	37	
1620	KPI39	37	
1621	KPI40	37	
1622	KPI41	37	
1623	KPI42	37	
1624	KPI43	37	
1625	KPI44	37	
1626	KPI45	37	
1627	KPI46	37	
1628	KPI01	38	
1629	KPI02	38	
1630	KPI03	38	
1631	KPI47	38	
1632	KPI48	38	
1633	KPI04	38	
1634	KPI05	38	
1635	KPI06	38	
1636	KPI08	38	
1637	KPI09	38	
1638	KPI10	38	
1639	KPI11	38	
1640	KPI12	38	
1641	KPI13	38	
1642	KPI15	38	
1643	KPI16	38	
1644	KPI17	38	
1645	KPI18	38	
1646	KPI19	38	
1647	KPI20	38	
1648	KPI21	38	
1649	KPI22	38	
1650	KPI25	38	
1651	KPI26	38	
1652	KPI27	38	
1653	KPI28	38	
1654	KPI29	38	
1655	KPI30	38	
1656	KPI31	38	
1657	KPI32	38	
1658	KPI33	38	
1659	KPI34	38	
1660	KPI35	38	
1661	KPI36	38	
1662	KPI37	38	
1663	KPI38	38	
1664	KPI39	38	
1665	KPI40	38	
1666	KPI41	38	
1667	KPI42	38	
1668	KPI43	38	
1669	KPI44	38	
1670	KPI45	38	
1671	KPI46	38	
1672	KPI01	39	
1673	KPI02	39	
1674	KPI03	39	
1675	KPI47	39	
1676	KPI48	39	
1677	KPI04	39	
1678	KPI05	39	
1679	KPI06	39	
1680	KPI08	39	
1681	KPI09	39	
1682	KPI10	39	
1683	KPI11	39	
1684	KPI12	39	
1685	KPI13	39	
1686	KPI15	39	
1687	KPI16	39	
1688	KPI17	39	
1689	KPI18	39	
1690	KPI19	39	
1691	KPI20	39	
1692	KPI21	39	
1693	KPI22	39	
1694	KPI25	39	
1695	KPI26	39	
1696	KPI27	39	
1697	KPI28	39	
1698	KPI29	39	
1699	KPI30	39	
1700	KPI31	39	
1701	KPI32	39	
1702	KPI33	39	
1703	KPI34	39	
1704	KPI35	39	
1705	KPI36	39	
1706	KPI37	39	
1707	KPI38	39	
1708	KPI39	39	
1709	KPI40	39	
1710	KPI41	39	
1711	KPI42	39	
1712	KPI43	39	
1713	KPI44	39	
1714	KPI45	39	
1715	KPI46	39	
1716	KPI01	40	
1717	KPI02	40	
1718	KPI03	40	
1719	KPI47	40	
1720	KPI48	40	
1721	KPI04	40	
1722	KPI05	40	
1723	KPI06	40	
1724	KPI08	40	
1725	KPI09	40	
1726	KPI10	40	
1727	KPI11	40	
1728	KPI12	40	
1729	KPI13	40	
1730	KPI15	40	
1731	KPI16	40	
1732	KPI17	40	
1733	KPI18	40	
1734	KPI19	40	
1735	KPI20	40	
1736	KPI21	40	
1737	KPI22	40	
1738	KPI25	40	
1739	KPI26	40	
1740	KPI27	40	
1741	KPI28	40	
1742	KPI29	40	
1743	KPI30	40	
1744	KPI31	40	
1745	KPI32	40	
1746	KPI33	40	
1747	KPI34	40	
1748	KPI35	40	
1749	KPI36	40	
1750	KPI37	40	
1751	KPI38	40	
1752	KPI39	40	
1753	KPI40	40	
1754	KPI41	40	
1755	KPI42	40	
1756	KPI43	40	
1757	KPI44	40	
1758	KPI45	40	
1759	KPI46	40	
1760	KPI01	41	
1761	KPI02	41	
1762	KPI03	41	
1763	KPI47	41	
1764	KPI48	41	
1765	KPI04	41	
1766	KPI05	41	
1767	KPI06	41	
1768	KPI08	41	
1769	KPI09	41	
1770	KPI10	41	
1771	KPI11	41	
1772	KPI12	41	
1773	KPI13	41	
1774	KPI15	41	
1775	KPI16	41	
1776	KPI17	41	
1777	KPI18	41	
1778	KPI19	41	
1779	KPI20	41	
1780	KPI21	41	
1781	KPI22	41	
1782	KPI25	41	
1783	KPI26	41	
1784	KPI27	41	
1785	KPI28	41	
1786	KPI29	41	
1787	KPI30	41	
1788	KPI31	41	
1789	KPI32	41	
1790	KPI33	41	
1791	KPI34	41	
1792	KPI35	41	
1793	KPI36	41	
1794	KPI37	41	
1795	KPI38	41	
1796	KPI39	41	
1797	KPI40	41	
1798	KPI41	41	
1799	KPI42	41	
1800	KPI43	41	
1801	KPI44	41	
1802	KPI45	41	
1803	KPI46	41	
1804	KPI01	42	
1805	KPI02	42	
1806	KPI03	42	
1807	KPI47	42	
1808	KPI48	42	
1809	KPI04	42	
1810	KPI05	42	
1811	KPI06	42	
1812	KPI08	42	
1813	KPI09	42	
1814	KPI10	42	
1815	KPI11	42	
1816	KPI12	42	
1817	KPI13	42	
1818	KPI15	42	
1819	KPI16	42	
1820	KPI17	42	
1821	KPI18	42	
1822	KPI19	42	
1823	KPI20	42	
1824	KPI21	42	
1825	KPI22	42	
1826	KPI25	42	
1827	KPI26	42	
1828	KPI27	42	
1829	KPI28	42	
1830	KPI29	42	
1831	KPI30	42	
1832	KPI31	42	
1833	KPI32	42	
1834	KPI33	42	
1835	KPI34	42	
1836	KPI35	42	
1837	KPI36	42	
1838	KPI37	42	
1839	KPI38	42	
1840	KPI39	42	
1841	KPI40	42	
1842	KPI41	42	
1843	KPI42	42	
1844	KPI43	42	
1845	KPI44	42	
1846	KPI45	42	
1847	KPI46	42	
1848	KPI01	43	
1849	KPI02	43	
1850	KPI03	43	
1851	KPI47	43	
1852	KPI48	43	
1853	KPI04	43	
1854	KPI05	43	
1855	KPI06	43	
1856	KPI08	43	
1857	KPI09	43	
1858	KPI10	43	
1859	KPI11	43	
1860	KPI12	43	
1861	KPI13	43	
1862	KPI15	43	
1863	KPI16	43	
1864	KPI17	43	
1865	KPI18	43	
1866	KPI19	43	
1867	KPI20	43	
1868	KPI21	43	
1869	KPI22	43	
1870	KPI25	43	
1871	KPI26	43	
1872	KPI27	43	
1873	KPI28	43	
1874	KPI29	43	
1875	KPI30	43	
1876	KPI31	43	
1877	KPI32	43	
1878	KPI33	43	
1879	KPI34	43	
1880	KPI35	43	
1881	KPI36	43	
1882	KPI37	43	
1883	KPI38	43	
1884	KPI39	43	
1885	KPI40	43	
1886	KPI41	43	
1887	KPI42	43	
1888	KPI43	43	
1889	KPI44	43	
1890	KPI45	43	
1891	KPI46	43	
1892	KPI01	44	
1893	KPI02	44	
1894	KPI03	44	
1895	KPI47	44	
1896	KPI48	44	
1897	KPI04	44	
1898	KPI05	44	
1899	KPI06	44	
1900	KPI08	44	
1901	KPI09	44	
1902	KPI10	44	
1903	KPI11	44	
1904	KPI12	44	
1905	KPI13	44	
1906	KPI15	44	
1907	KPI16	44	
1908	KPI17	44	
1909	KPI18	44	
1910	KPI19	44	
1911	KPI20	44	
1912	KPI21	44	
1913	KPI22	44	
1914	KPI25	44	
1915	KPI26	44	
1916	KPI27	44	
1917	KPI28	44	
1918	KPI29	44	
1919	KPI30	44	
1920	KPI31	44	
1921	KPI32	44	
1922	KPI33	44	
1923	KPI34	44	
1924	KPI35	44	
1925	KPI36	44	
1926	KPI37	44	
1927	KPI38	44	
1928	KPI39	44	
1929	KPI40	44	
1930	KPI41	44	
1931	KPI42	44	
1932	KPI43	44	
1933	KPI44	44	
1934	KPI45	44	
1935	KPI46	44	
1936	KPI01	45	
1937	KPI02	45	
1938	KPI03	45	
1939	KPI47	45	
1940	KPI48	45	
1941	KPI04	45	
1942	KPI05	45	
1943	KPI06	45	
1944	KPI08	45	
1945	KPI09	45	
1946	KPI10	45	
1947	KPI11	45	
1948	KPI12	45	
1949	KPI13	45	
1950	KPI15	45	
1951	KPI16	45	
1952	KPI17	45	
1953	KPI18	45	
1954	KPI19	45	
1955	KPI20	45	
1956	KPI21	45	
1957	KPI22	45	
1958	KPI25	45	
1959	KPI26	45	
1960	KPI27	45	
1961	KPI28	45	
1962	KPI29	45	
1963	KPI30	45	
1964	KPI31	45	
1965	KPI32	45	
1966	KPI33	45	
1967	KPI34	45	
1968	KPI35	45	
1969	KPI36	45	
1970	KPI37	45	
1971	KPI38	45	
1972	KPI39	45	
1973	KPI40	45	
1974	KPI41	45	
1975	KPI42	45	
1976	KPI43	45	
1977	KPI44	45	
1978	KPI45	45	
1979	KPI46	45	
1980	KPI01	46	
1981	KPI02	46	
1982	KPI03	46	
1983	KPI47	46	
1984	KPI48	46	
1985	KPI04	46	
1986	KPI05	46	
1987	KPI06	46	
1988	KPI08	46	
1989	KPI09	46	
1990	KPI10	46	
1991	KPI11	46	
1992	KPI12	46	
1993	KPI13	46	
1994	KPI15	46	
1995	KPI16	46	
1996	KPI17	46	
1997	KPI18	46	
1998	KPI19	46	
1999	KPI20	46	
2000	KPI21	46	
2001	KPI22	46	
2002	KPI25	46	
2003	KPI26	46	
2004	KPI27	46	
2005	KPI28	46	
2006	KPI29	46	
2007	KPI30	46	
2008	KPI31	46	
2009	KPI32	46	
2010	KPI33	46	
2011	KPI34	46	
2012	KPI35	46	
2013	KPI36	46	
2014	KPI37	46	
2015	KPI38	46	
2016	KPI39	46	
2017	KPI40	46	
2018	KPI41	46	
2019	KPI42	46	
2020	KPI43	46	
2021	KPI44	46	
2022	KPI45	46	
2023	KPI46	46	
2024	KPI01	47	
2025	KPI02	47	
2026	KPI03	47	
2027	KPI47	47	
2028	KPI48	47	
2029	KPI04	47	
2030	KPI05	47	
2031	KPI06	47	
2032	KPI08	47	
2033	KPI09	47	
2034	KPI10	47	
2035	KPI11	47	
2036	KPI12	47	
2037	KPI13	47	
2038	KPI15	47	
2039	KPI16	47	
2040	KPI17	47	
2041	KPI18	47	
2042	KPI19	47	
2043	KPI20	47	
2044	KPI21	47	
2045	KPI22	47	
2046	KPI25	47	
2047	KPI26	47	
2048	KPI27	47	
2049	KPI28	47	
2050	KPI29	47	
2051	KPI30	47	
2052	KPI31	47	
2053	KPI32	47	
2054	KPI33	47	
2055	KPI34	47	
2056	KPI35	47	
2057	KPI36	47	
2058	KPI37	47	
2059	KPI38	47	
2060	KPI39	47	
2061	KPI40	47	
2062	KPI41	47	
2063	KPI42	47	
2064	KPI43	47	
2065	KPI44	47	
2066	KPI45	47	
2067	KPI46	47	
2068	KPI01	48	
2069	KPI02	48	
2070	KPI03	48	
2071	KPI47	48	
2072	KPI48	48	
2073	KPI04	48	
2074	KPI05	48	
2075	KPI06	48	
2076	KPI08	48	
2077	KPI09	48	
2078	KPI10	48	
2079	KPI11	48	
2080	KPI12	48	
2081	KPI13	48	
2082	KPI15	48	
2083	KPI16	48	
2084	KPI17	48	
2085	KPI18	48	
2086	KPI19	48	
2087	KPI20	48	
2088	KPI21	48	
2089	KPI22	48	
2090	KPI25	48	
2091	KPI26	48	
2092	KPI27	48	
2093	KPI28	48	
2094	KPI29	48	
2095	KPI30	48	
2096	KPI31	48	
2097	KPI32	48	
2098	KPI33	48	
2099	KPI34	48	
2100	KPI35	48	
2101	KPI36	48	
2102	KPI37	48	
2103	KPI38	48	
2104	KPI39	48	
2105	KPI40	48	
2106	KPI41	48	
2107	KPI42	48	
2108	KPI43	48	
2109	KPI44	48	
2110	KPI45	48	
2111	KPI46	48	
2112	KPI01	49	
2113	KPI02	49	
2114	KPI03	49	
2115	KPI47	49	
2116	KPI48	49	
2117	KPI04	49	
2118	KPI05	49	
2119	KPI06	49	
2120	KPI08	49	
2121	KPI09	49	
2122	KPI10	49	
2123	KPI11	49	
2124	KPI12	49	
2125	KPI13	49	
2126	KPI15	49	
2127	KPI16	49	
2128	KPI17	49	
2129	KPI18	49	
2130	KPI19	49	
2131	KPI20	49	
2132	KPI21	49	
2133	KPI22	49	
2134	KPI25	49	
2135	KPI26	49	
2136	KPI27	49	
2137	KPI28	49	
2138	KPI29	49	
2139	KPI30	49	
2140	KPI31	49	
2141	KPI32	49	
2142	KPI33	49	
2143	KPI34	49	
2144	KPI35	49	
2145	KPI36	49	
2146	KPI37	49	
2147	KPI38	49	
2148	KPI39	49	
2149	KPI40	49	
2150	KPI41	49	
2151	KPI42	49	
2152	KPI43	49	
2153	KPI44	49	
2154	KPI45	49	
2155	KPI46	49	
2156	KPI01	50	
2157	KPI02	50	
2158	KPI03	50	
2159	KPI47	50	
2160	KPI48	50	
2161	KPI04	50	
2162	KPI05	50	
2163	KPI06	50	
2164	KPI08	50	
2165	KPI09	50	
2166	KPI10	50	
2167	KPI11	50	
2168	KPI12	50	
2169	KPI13	50	
2170	KPI15	50	
2171	KPI16	50	
2172	KPI17	50	
2173	KPI18	50	
2174	KPI19	50	
2175	KPI20	50	
2176	KPI21	50	
2177	KPI22	50	
2178	KPI25	50	
2179	KPI26	50	
2180	KPI27	50	
2181	KPI28	50	
2182	KPI29	50	
2183	KPI30	50	
2184	KPI31	50	
2185	KPI32	50	
2186	KPI33	50	
2187	KPI34	50	
2188	KPI35	50	
2189	KPI36	50	
2190	KPI37	50	
2191	KPI38	50	
2192	KPI39	50	
2193	KPI40	50	
2194	KPI41	50	
2195	KPI42	50	
2196	KPI43	50	
2197	KPI44	50	
2198	KPI45	50	
2199	KPI46	50	
2200	KPI01	51	
2201	KPI02	51	
2202	KPI03	51	
2203	KPI47	51	
2204	KPI48	51	
2205	KPI04	51	
2206	KPI05	51	
2207	KPI06	51	
2208	KPI08	51	
2209	KPI09	51	
2210	KPI10	51	
2211	KPI11	51	
2212	KPI12	51	
2213	KPI13	51	
2214	KPI15	51	
2215	KPI16	51	
2216	KPI17	51	
2217	KPI18	51	
2218	KPI19	51	
2219	KPI20	51	
2220	KPI21	51	
2221	KPI22	51	
2222	KPI25	51	
2223	KPI26	51	
2224	KPI27	51	
2225	KPI28	51	
2226	KPI29	51	
2227	KPI30	51	
2228	KPI31	51	
2229	KPI32	51	
2230	KPI33	51	
2231	KPI34	51	
2232	KPI35	51	
2233	KPI36	51	
2234	KPI37	51	
2235	KPI38	51	
2236	KPI39	51	
2237	KPI40	51	
2238	KPI41	51	
2239	KPI42	51	
2240	KPI43	51	
2241	KPI44	51	
2242	KPI45	51	
2243	KPI46	51	
